fecha,libra_cobre
2012-10-05,3.76
2012-10-08,3.76
2012-10-09,3.71
2012-10-10,3.69
2012-10-11,3.7
2012-10-12,3.74
2012-10-16,3.69
2012-10-17,3.68
2012-10-18,3.73
2012-10-19,3.73
2012-10-22,3.63
2012-10-23,3.6
2012-10-24,3.55
2012-10-25,3.54
2012-10-26,3.54
2012-10-29,3.55
2012-10-30,3.49
2012-10-31,3.49
2012-11-05,3.52
2012-11-06,3.47
2012-11-07,3.49
2012-11-08,3.45
2012-11-09,3.46
2012-11-12,3.43
2012-11-13,3.46
2012-11-14,3.48
2012-11-15,3.46
2012-11-16,3.46
2012-11-19,3.45
2012-11-20,3.53
2012-11-21,3.52
2012-11-22,3.48
2012-11-23,3.49
2012-11-26,3.52
2012-11-27,3.52
2012-11-28,3.53
2012-11-29,3.51
2012-11-30,3.58
2012-12-03,3.62
2012-12-04,3.62
2012-12-05,3.63
2012-12-06,3.65
2012-12-07,3.62
2012-12-10,3.63
2012-12-11,3.68
2012-12-12,3.66
2012-12-13,3.68
2012-12-14,3.65
2012-12-17,3.65
2012-12-18,3.65
2012-12-19,3.63
2012-12-20,3.58
2012-12-21,3.51
2012-12-24,3.51
2012-12-26,3.54
2012-12-27,3.53
2012-12-28,3.53
2013-01-02,3.58
2013-01-03,3.59
2013-01-04,3.71
2013-01-07,3.69
2013-01-08,3.65
2013-01-09,3.65
2013-01-10,3.65
2013-01-11,3.65
2013-01-14,3.67
2013-01-15,3.64
2013-01-16,3.61
2013-01-17,3.61
2013-01-18,3.59
2013-01-21,3.64
2013-01-22,3.64
2013-01-23,3.64
2013-01-24,3.68
2013-01-25,3.66
2013-01-28,3.66
2013-01-29,3.63
2013-01-30,3.64
2013-01-31,3.66
2013-02-01,3.72
2013-02-04,3.69
2013-02-05,3.74
2013-02-06,3.75
2013-02-07,3.73
2013-02-08,3.72
2013-02-11,3.7
2013-02-12,3.75
2013-02-13,3.7
2013-02-14,3.72
2013-02-15,3.72
2013-02-18,3.72
2013-02-19,3.71
2013-02-20,3.67
2013-02-21,3.64
2013-02-22,3.59
2013-02-25,3.55
2013-02-26,3.53
2013-02-27,3.54
2013-02-28,3.55
2013-03-01,3.56
2013-03-04,3.53
2013-03-05,3.48
2013-03-06,3.49
2013-03-07,3.51
2013-03-08,3.47
2013-03-11,3.51
2013-03-12,3.5
2013-03-13,3.5
2013-03-14,3.54
2013-03-15,3.52
2013-03-18,3.53
2013-03-19,3.5
2013-03-20,3.42
2013-03-21,3.4
2013-03-22,3.44
2013-03-25,3.42
2013-03-26,3.46
2013-03-27,3.44
2013-03-28,3.44
2013-04-01,3.44
2013-04-02,3.41
2013-04-03,3.41
2013-04-04,3.37
2013-04-05,3.34
2013-04-08,3.36
2013-04-09,3.35
2013-04-10,3.37
2013-04-11,3.45
2013-04-12,3.42
2013-04-15,3.44
2013-04-16,3.35
2013-04-17,3.25
2013-04-18,3.3
2013-04-19,3.2
2013-04-22,3.2
2013-04-23,3.16
2013-04-24,3.13
2013-04-25,3.1
2013-04-26,3.18
2013-04-29,3.24
2013-04-30,3.17
2013-05-02,3.23
2013-05-03,3.07
2013-05-06,3.09
2013-05-07,3.29
2013-05-08,3.29
2013-05-09,3.28
2013-05-10,3.35
2013-05-13,3.33
2013-05-14,3.34
2013-05-15,3.35
2013-05-16,3.27
2013-05-17,3.25
2013-05-20,3.29
2013-05-22,3.3
2013-05-23,3.33
2013-05-24,3.38
2013-05-27,3.3
2013-05-28,3.3
2013-05-29,3.3
2013-05-30,3.31
2013-05-31,3.28
2013-06-03,3.31
2013-06-04,3.3
2013-06-05,3.32
2013-06-06,3.37
2013-06-07,3.37
2013-06-10,3.31
2013-06-11,3.26
2013-06-12,3.23
2013-06-13,3.19
2013-06-14,3.21
2013-06-17,3.18
2013-06-18,3.2
2013-06-19,3.2
2013-06-20,3.16
2013-06-21,3.14
2013-06-24,3.06
2013-06-25,3.08
2013-06-26,3.01
2013-06-27,3.07
2013-06-28,3.04
2013-07-01,3.05
2013-07-02,3.05
2013-07-03,3.17
2013-07-04,3.14
2013-07-05,3.17
2013-07-08,3.15
2013-07-09,3.08
2013-07-10,3.09
2013-07-11,3.05
2013-07-12,3.09
2013-07-15,3.17
2013-07-17,3.15
2013-07-18,3.17
2013-07-19,3.12
2013-07-22,3.12
2013-07-23,3.13
2013-07-24,3.18
2013-07-25,3.19
2013-07-26,3.21
2013-07-29,3.17
2013-07-30,3.11
2013-07-31,3.11
2013-08-01,3.05
2013-08-02,3.12
2013-08-05,3.17
2013-08-06,3.17
2013-08-07,3.16
2013-08-08,3.17
2013-08-09,3.17
2013-08-12,3.25
2013-08-13,3.29
2013-08-14,3.28
2013-08-16,3.29
2013-08-19,3.3
2013-08-20,3.34
2013-08-21,3.3
2013-08-22,3.31
2013-08-23,3.27
2013-08-26,3.31
2013-08-27,3.33
2013-08-28,3.33
2013-08-29,3.31
2013-08-30,3.3
2013-09-02,3.23
2013-09-03,3.21
2013-09-04,3.27
2013-09-05,3.27
2013-09-06,3.22
2013-09-09,3.21
2013-09-10,3.23
2013-09-11,3.25
2013-09-12,3.24
2013-09-13,3.24
2013-09-16,3.19
2013-09-17,3.18
2013-09-23,3.2
2013-09-24,3.29
2013-09-25,3.27
2013-09-26,3.23
2013-09-27,3.25
2013-09-30,3.28
2013-10-01,3.3
2013-10-02,3.31
2013-10-03,3.25
2013-10-04,3.29
2013-10-07,3.25
2013-10-08,3.28
2013-10-09,3.27
2013-10-10,3.27
2013-10-11,3.21
2013-10-14,3.23
2013-10-15,3.26
2013-10-16,3.28
2013-10-17,3.27
2013-10-18,3.28
2013-10-21,3.27
2013-10-22,3.28
2013-10-23,3.28
2013-10-24,3.32
2013-10-25,3.25
2013-10-28,3.25
2013-10-29,3.26
2013-10-30,3.26
2013-11-04,3.27
2013-11-05,3.28
2013-11-06,3.24
2013-11-07,3.25
2013-11-08,3.23
2013-11-11,3.24
2013-11-12,3.25
2013-11-13,3.25
2013-11-14,3.23
2013-11-15,3.17
2013-11-18,3.17
2013-11-19,3.18
2013-11-20,3.16
2013-11-21,3.16
2013-11-22,3.17
2013-11-25,3.19
2013-11-26,3.22
2013-11-27,3.22
2013-11-28,3.2
2013-11-29,3.18
2013-12-02,3.18
2013-12-03,3.2
2013-12-04,3.16
2013-12-05,3.15
2013-12-06,3.22
2013-12-09,3.2
2013-12-10,3.23
2013-12-11,3.24
2013-12-12,3.25
2013-12-13,3.28
2013-12-16,3.28
2013-12-17,3.3
2013-12-18,3.32
2013-12-19,3.31
2013-12-20,3.3
2013-12-23,3.27
2013-12-24,3.29
2013-12-26,3.29
2013-12-27,3.31
2013-12-30,3.31
2014-01-02,3.35
2014-01-03,3.35
2014-01-06,3.36
2014-01-07,3.33
2014-01-08,3.33
2014-01-09,3.34
2014-01-10,3.34
2014-01-13,3.28
2014-01-14,3.32
2014-01-15,3.34
2014-01-16,3.31
2014-01-17,3.35
2014-01-20,3.33
2014-01-21,3.34
2014-01-22,3.34
2014-01-23,3.36
2014-01-24,3.32
2014-01-27,3.28
2014-01-28,3.27
2014-01-29,3.26
2014-01-30,3.26
2014-01-31,3.25
2014-02-03,3.24
2014-02-04,3.22
2014-02-05,3.21
2014-02-06,3.21
2014-02-07,3.21
2014-02-10,3.26
2014-02-11,3.26
2014-02-12,3.24
2014-02-13,3.22
2014-02-14,3.27
2014-02-17,3.24
2014-02-18,3.26
2014-02-19,3.27
2014-02-20,3.28
2014-02-21,3.28
2014-02-24,3.27
2014-02-25,3.27
2014-02-26,3.24
2014-02-27,3.24
2014-02-28,3.22
2014-03-03,3.21
2014-03-04,3.21
2014-03-05,3.18
2014-03-06,3.21
2014-03-07,3.2
2014-03-10,3.21
2014-03-11,3.09
2014-03-12,3.02
2014-03-13,2.94
2014-03-14,2.96
2014-03-17,2.92
2014-03-18,2.95
2014-03-19,2.95
2014-03-20,2.95
2014-03-21,2.98
2014-03-24,2.92
2014-03-25,2.94
2014-03-26,2.94
2014-03-27,3.0
2014-03-28,2.95
2014-03-31,2.98
2014-04-01,3.03
2014-04-02,3.02
2014-04-03,3.02
2014-04-04,3.03
2014-04-07,3.01
2014-04-08,3.0
2014-04-09,3.03
2014-04-10,3.03
2014-04-11,3.01
2014-04-14,3.02
2014-04-15,3.02
2014-04-16,3.02
2014-04-17,2.97
2014-04-21,3.01
2014-04-22,3.02
2014-04-23,3.02
2014-04-24,3.03
2014-04-25,3.03
2014-04-28,3.07
2014-04-29,3.08
2014-04-30,3.07
2014-05-02,3.05
2014-05-05,3.03
2014-05-06,3.06
2014-05-07,3.06
2014-05-08,3.06
2014-05-09,3.03
2014-05-12,3.07
2014-05-13,3.08
2014-05-14,3.14
2014-05-15,3.12
2014-05-16,3.16
2014-05-19,3.15
2014-05-20,3.14
2014-05-22,3.17
2014-05-23,3.12
2014-05-26,3.16
2014-05-27,3.18
2014-05-28,3.18
2014-05-29,3.18
2014-05-30,3.2
2014-06-02,3.16
2014-06-03,3.14
2014-06-04,3.18
2014-06-05,3.14
2014-06-06,3.1
2014-06-09,3.09
2014-06-10,3.04
2014-06-11,3.03
2014-06-12,3.04
2014-06-13,3.06
2014-06-16,3.01
2014-06-17,3.03
2014-06-18,3.05
2014-06-19,3.05
2014-06-20,3.05
2014-06-23,3.06
2014-06-24,3.1
2014-06-25,3.14
2014-06-26,3.14
2014-06-27,3.15
2014-06-30,3.17
2014-07-01,3.16
2014-07-02,3.19
2014-07-03,3.19
2014-07-04,3.24
2014-07-07,3.26
2014-07-08,3.25
2014-07-09,3.23
2014-07-10,3.24
2014-07-11,3.24
2014-07-14,3.26
2014-07-15,3.25
2014-07-17,3.23
2014-07-18,3.21
2014-07-21,3.2
2014-07-22,3.17
2014-07-23,3.19
2014-07-24,3.19
2014-07-25,3.19
2014-07-28,3.26
2014-07-29,3.24
2014-07-30,3.24
2014-07-31,3.22
2014-08-01,3.25
2014-08-04,3.24
2014-08-05,3.22
2014-08-06,3.24
2014-08-07,3.2
2014-08-08,3.17
2014-08-11,3.18
2014-08-12,3.18
2014-08-13,3.18
2014-08-14,3.17
2014-08-18,3.13
2014-08-19,3.13
2014-08-20,3.15
2014-08-21,3.13
2014-08-22,3.19
2014-08-25,3.19
2014-08-26,3.22
2014-08-27,3.22
2014-08-28,3.21
2014-08-29,3.2
2014-09-01,3.16
2014-09-02,3.18
2014-09-03,3.16
2014-09-04,3.17
2014-09-05,3.14
2014-09-08,3.15
2014-09-09,3.17
2014-09-10,3.18
2014-09-11,3.11
2014-09-12,3.13
2014-09-15,3.11
2014-09-16,3.11
2014-09-17,3.11
2014-09-22,3.15
2014-09-23,3.12
2014-09-24,3.07
2014-09-25,3.07
2014-09-26,3.07
2014-09-29,3.06
2014-09-30,3.07
2014-10-01,3.08
2014-10-02,3.05
2014-10-03,3.05
2014-10-06,3.02
2014-10-07,3.03
2014-10-08,3.06
2014-10-09,3.04
2014-10-10,3.03
2014-10-13,3.07
2014-10-14,3.04
2014-10-15,3.08
2014-10-16,3.11
2014-10-17,3.03
2014-10-20,3.0
2014-10-21,3.03
2014-10-22,3.0
2014-10-23,3.05
2014-10-24,3.03
2014-10-27,3.06
2014-10-28,3.07
2014-10-29,3.08
2014-10-30,3.12
2014-11-03,3.13
2014-11-04,3.07
2014-11-05,3.08
2014-11-06,3.04
2014-11-07,3.05
2014-11-10,3.06
2014-11-11,3.08
2014-11-12,3.05
2014-11-13,3.06
2014-11-14,3.06
2014-11-17,3.05
2014-11-18,3.07
2014-11-19,3.07
2014-11-20,3.04
2014-11-21,3.06
2014-11-24,3.05
2014-11-25,3.08
2014-11-26,3.05
2014-11-27,3.02
2014-11-28,3.01
2014-12-01,3.0
2014-12-02,2.91
2014-12-03,2.96
2014-12-04,2.94
2014-12-05,2.92
2014-12-09,2.96
2014-12-10,2.93
2014-12-11,2.96
2014-12-12,2.94
2014-12-15,2.96
2014-12-16,2.97
2014-12-19,2.91
2014-12-24,2.9
2015-01-02,2.89
2015-01-05,2.89
2015-01-06,2.87
2015-01-07,2.82
2015-01-08,2.82
2015-01-09,2.8
2015-01-12,2.8
2015-01-13,2.8
2015-01-14,2.77
2015-01-15,2.69
2015-01-16,2.55
2015-01-19,2.58
2015-01-20,2.62
2015-01-21,2.59
2015-01-22,2.6
2015-01-23,2.63
2015-01-26,2.58
2015-01-27,2.52
2015-01-28,2.55
2015-01-29,2.47
2015-01-30,2.5
2015-02-02,2.46
2015-02-03,2.51
2015-02-04,2.51
2015-02-05,2.59
2015-02-06,2.6
2015-02-10,2.57
2015-02-11,2.58
2015-02-12,2.54
2015-02-16,2.61
2015-02-17,2.61
2015-02-18,2.61
2015-02-19,2.57
2015-02-20,2.61
2015-02-23,2.62
2015-02-24,2.59
2015-02-27,2.63
2015-03-04,2.69
2015-03-06,2.66
2015-03-09,2.66
2015-03-10,2.62
2015-03-11,2.67
2015-03-12,2.63
2015-03-13,2.61
2015-03-16,2.66
2015-03-17,2.67
2015-03-18,2.66
2015-03-19,2.63
2015-03-20,2.58
2015-03-23,2.67
2015-03-24,2.75
2015-03-25,2.79
2015-03-26,2.8
2015-03-27,2.79
2015-03-30,2.81
2015-03-31,2.76
2015-04-01,2.77
2015-04-02,2.75
2015-04-06,2.75
2015-04-09,2.76
2015-04-10,2.73
2015-04-13,2.73
2015-04-14,2.75
2015-04-15,2.72
2015-04-16,2.7
2015-04-17,2.7
2015-04-20,2.75
2015-04-21,2.75
2015-04-22,2.72
2015-04-23,2.7
2015-04-24,2.68
2015-04-27,2.7
2015-04-28,2.74
2015-04-29,2.75
2015-04-30,2.78
2015-05-04,2.8
2015-05-06,2.91
2015-05-07,2.94
2015-05-08,2.9
2015-05-12,2.9
2015-05-13,2.89
2015-05-14,2.92
2015-05-15,2.91
2015-05-18,2.91
2015-05-19,2.91
2015-05-20,2.89
2015-05-22,2.82
2015-05-25,2.83
2015-05-26,2.79
2015-05-27,2.79
2015-05-28,2.77
2015-05-29,2.76
2015-06-01,2.76
2015-06-02,2.72
2015-06-03,2.73
2015-06-04,2.73
2015-06-05,2.72
2015-06-08,2.68
2015-06-09,2.69
2015-06-10,2.69
2015-06-11,2.7
2015-06-12,2.73
2015-06-15,2.66
2015-06-16,2.67
2015-06-17,2.62
2015-06-19,2.6
2015-06-22,2.6
2015-06-23,2.56
2015-06-24,2.56
2015-06-25,2.61
2015-06-26,2.6
2015-06-30,2.61
2015-07-01,2.62
2015-07-02,2.61
2015-07-03,2.62
2015-07-06,2.62
2015-07-09,2.42
2015-07-10,2.5
2015-07-13,2.55
2015-07-14,2.53
2015-07-15,2.53
2015-07-17,2.51
2015-07-20,2.51
2015-07-21,2.48
2015-07-22,2.48
2015-07-23,2.46
2015-07-24,2.42
2015-07-27,2.38
2015-07-28,2.38
2015-07-29,2.35
2015-07-30,2.4
2015-07-31,2.41
2015-08-03,2.38
2015-08-04,2.37
2015-08-05,2.36
2015-08-06,2.37
2015-08-10,2.35
2015-08-12,2.4
2015-08-14,2.35
2015-08-17,2.35
2015-08-18,2.34
2015-08-19,2.32
2015-08-20,2.28
2015-08-21,2.27
2015-08-25,2.3
2015-08-26,2.25
2015-08-27,2.31
2015-08-28,2.25
2015-08-31,2.35
2015-09-01,2.33
2015-09-02,2.33
2015-09-03,2.31
2015-09-04,2.33
2015-09-07,2.39
2015-09-08,2.33
2015-09-09,2.34
2015-09-10,2.43
2015-09-11,2.44
2015-09-14,2.46
2015-09-15,2.44
2015-09-16,2.42
2015-09-17,2.43
2015-09-21,2.44
2015-09-22,2.39
2015-09-23,2.4
2015-09-24,2.31
2015-09-25,2.3
2015-09-28,2.3
2015-09-29,2.29
2015-09-30,2.26
2015-10-01,2.26
2015-10-02,2.35
2015-10-05,2.32
2015-10-06,2.32
2015-10-07,2.35
2015-10-08,2.36
2015-10-09,2.36
2015-10-13,2.34
2015-10-14,2.42
2015-10-15,2.4
2015-10-16,2.41
2015-10-19,2.42
2015-10-20,2.41
2015-10-22,2.36
2015-10-23,2.35
2015-10-27,2.35
2015-10-28,2.36
2015-10-30,2.36
2015-11-02,2.33
2015-11-03,2.33
2015-11-04,2.33
2015-11-05,2.33
2015-11-06,2.33
2015-11-10,2.26
2015-11-11,2.26
2015-11-12,2.24
2015-11-13,2.25
2015-11-16,2.19
2015-11-17,2.19
2015-11-18,2.13
2015-11-19,2.13
2015-11-23,2.11
2015-11-24,2.09
2015-11-25,2.05
2015-11-26,2.1
2015-11-27,2.07
2015-11-30,2.11
2015-12-03,2.11
2015-12-04,2.07
2015-12-07,2.07
2015-12-09,2.09
2015-12-10,2.08
2015-12-11,2.08
2015-12-14,2.08
2015-12-15,2.13
2015-12-16,2.12
2015-12-17,2.07
2015-12-18,2.09
2015-12-21,2.06
2015-12-22,2.13
2015-12-23,2.15
2015-12-24,2.11
2015-12-28,2.14
2015-12-29,2.13
2015-12-30,2.13
2016-01-04,2.14
2016-01-05,2.13
2016-01-06,2.09
2016-01-07,2.11
2016-01-08,2.1
2016-01-11,2.05
2016-01-12,2.03
2016-01-13,1.99
2016-01-14,1.97
2016-01-15,1.99
2016-01-18,2.0
2016-01-19,1.96
2016-01-20,1.99
2016-01-21,2.0
2016-01-22,1.98
2016-01-25,2.01
2016-01-26,2.02
2016-01-27,2.0
2016-01-28,2.06
2016-01-29,2.08
2016-02-01,2.06
2016-02-02,2.07
2016-02-03,2.07
2016-02-04,2.07
2016-02-05,2.1
2016-02-08,2.13
2016-02-09,2.1
2016-02-10,2.09
2016-02-11,2.05
2016-02-12,2.02
2016-02-15,2.02
2016-02-16,2.04
2016-02-17,2.07
2016-02-18,2.07
2016-02-19,2.08
2016-02-22,2.08
2016-02-23,2.1
2016-02-24,2.13
2016-02-25,2.11
2016-02-26,2.11
2016-02-29,2.09
2016-03-01,2.14
2016-03-02,2.13
2016-03-03,2.14
2016-03-04,2.18
2016-03-07,2.21
2016-03-08,2.28
2016-03-09,2.27
2016-03-10,2.21
2016-03-11,2.24
2016-03-14,2.22
2016-03-15,2.26
2016-03-16,2.26
2016-03-17,2.25
2016-03-18,2.25
2016-03-21,2.31
2016-03-22,2.3
2016-03-23,2.31
2016-03-24,2.31
2016-03-28,2.26
2016-03-29,2.26
2016-03-30,2.26
2016-03-31,2.23
2016-04-01,2.22
2016-04-04,2.21
2016-04-05,2.2
2016-04-06,2.17
2016-04-07,2.17
2016-04-08,2.18
2016-04-11,2.12
2016-04-12,2.12
2016-04-13,2.12
2016-04-14,2.17
2016-04-15,2.2
2016-04-18,2.2
2016-04-19,2.19
2016-04-20,2.2
2016-04-21,2.25
2016-04-22,2.27
2016-04-25,2.27
2016-04-26,2.29
2016-04-27,2.27
2016-04-28,2.26
2016-04-29,2.23
2016-05-02,2.25
2016-05-03,2.3
2016-05-04,2.3
2016-05-05,2.24
2016-05-06,2.21
2016-05-09,2.18
2016-05-10,2.19
2016-05-11,2.13
2016-05-12,2.13
2016-05-13,2.14
2016-05-16,2.1
2016-05-17,2.1
2016-05-18,2.11
2016-05-19,2.11
2016-05-20,2.1
2016-05-23,2.08
2016-05-24,2.08
2016-05-25,2.08
2016-05-26,2.1
2016-05-27,2.12
2016-05-30,2.12
2016-05-31,2.14
2016-06-01,2.14
2016-06-02,2.13
2016-06-03,2.1
2016-06-06,2.09
2016-06-07,2.13
2016-06-08,2.13
2016-06-09,2.07
2016-06-10,2.07
2016-06-13,2.04
2016-06-14,2.04
2016-06-15,2.06
2016-06-16,2.04
2016-06-17,2.1
2016-06-20,2.05
2016-06-21,2.06
2016-06-22,2.1
2016-06-23,2.11
2016-06-24,2.13
2016-06-28,2.17
2016-06-29,2.13
2016-06-30,2.18
2016-07-01,2.19
2016-07-04,2.2
2016-07-05,2.22
2016-07-06,2.21
2016-07-07,2.18
2016-07-08,2.15
2016-07-11,2.12
2016-07-12,2.13
2016-07-13,2.15
2016-07-14,2.2
2016-07-15,2.23
2016-07-18,2.23
2016-07-19,2.22
2016-07-20,2.23
2016-07-21,2.25
2016-07-22,2.25
2016-07-25,2.25
2016-07-26,2.23
2016-07-27,2.22
2016-07-28,2.23
2016-07-29,2.19
2016-08-01,2.22
2016-08-02,2.23
2016-08-03,2.21
2016-08-04,2.21
2016-08-05,2.2
2016-08-08,2.18
2016-08-09,2.17
2016-08-10,2.18
2016-08-11,2.16
2016-08-12,2.18
2016-08-16,2.2
2016-08-17,2.16
2016-08-18,2.18
2016-08-19,2.16
2016-08-22,2.17
2016-08-23,2.17
2016-08-24,2.15
2016-08-25,2.13
2016-08-26,2.09
2016-08-29,2.09
2016-08-30,2.09
2016-08-31,2.09
2016-09-01,2.08
2016-09-02,2.09
2016-09-05,2.1
2016-09-06,2.09
2016-09-07,2.09
2016-09-08,2.09
2016-09-09,2.1
2016-09-12,2.11
2016-09-13,2.09
2016-09-14,2.1
2016-09-15,2.1
2016-09-16,2.16
2016-09-20,2.16
2016-09-21,2.16
2016-09-22,2.16
2016-09-23,2.15
2016-09-26,2.19
2016-09-27,2.19
2016-09-28,2.19
2016-09-29,2.16
2016-09-30,2.18
2016-10-03,2.19
2016-10-04,2.2
2016-10-05,2.18
2016-10-06,2.17
2016-10-07,2.17
2016-10-11,2.15
2016-10-12,2.19
2016-10-13,2.17
2016-10-14,2.17
2016-10-17,2.13
2016-10-18,2.11
2016-10-19,2.11
2016-10-20,2.11
2016-10-21,2.11
2016-10-24,2.1
2016-10-25,2.09
2016-10-26,2.1
2016-10-27,2.14
2016-10-28,2.15
2016-11-02,2.17
2016-11-03,2.23
2016-11-04,2.23
2016-11-07,2.24
2016-11-08,2.26
2016-11-09,2.3
2016-11-10,2.37
2016-11-11,2.45
2016-11-14,2.53
2016-11-15,2.51
2016-11-16,2.52
2016-11-17,2.51
2016-11-18,2.46
2016-11-21,2.49
2016-11-22,2.45
2016-11-23,2.51
2016-11-24,2.54
2016-11-25,2.6
2016-11-28,2.66
2016-11-29,2.66
2016-11-30,2.66
2016-12-01,2.58
2016-12-02,2.64
2016-12-05,2.63
2016-12-06,2.61
2016-12-07,2.7
2016-12-09,2.67
2016-12-12,2.62
2016-12-13,2.64
2016-12-14,2.61
2016-12-15,2.58
2016-12-16,2.59
2016-12-19,2.6
2016-12-20,2.55
2016-12-21,2.49
2016-12-22,2.49
2016-12-23,2.5
2016-12-26,2.5
2016-12-27,2.47
2016-12-28,2.47
2016-12-29,2.47
2016-12-30,2.51
2017-01-03,2.48
2017-01-04,2.51
2017-01-05,2.49
2017-01-06,2.55
2017-01-09,2.52
2017-01-10,2.53
2017-01-11,2.53
2017-01-12,2.6
2017-01-13,2.58
2017-01-16,2.64
2017-01-17,2.67
2017-01-18,2.65
2017-01-19,2.6
2017-01-20,2.6
2017-01-23,2.59
2017-01-24,2.6
2017-01-25,2.62
2017-01-26,2.69
2017-01-27,2.69
2017-01-30,2.65
2017-01-31,2.67
2017-02-01,2.64
2017-02-02,2.72
2017-02-03,2.69
2017-02-06,2.66
2017-02-07,2.61
2017-02-08,2.65
2017-02-09,2.62
2017-02-10,2.67
2017-02-13,2.63
2017-02-14,2.76
2017-02-15,2.77
2017-02-16,2.72
2017-02-17,2.74
2017-02-20,2.71
2017-02-21,2.7
2017-02-22,2.75
2017-02-23,2.74
2017-02-24,2.73
2017-02-27,2.65
2017-02-28,2.68
2017-03-01,2.69
2017-03-02,2.71
2017-03-03,2.72
2017-03-06,2.68
2017-03-07,2.68
2017-03-08,2.65
2017-03-09,2.61
2017-03-10,2.61
2017-03-13,2.57
2017-03-14,2.59
2017-03-15,2.62
2017-03-16,2.63
2017-03-17,2.65
2017-03-20,2.67
2017-03-21,2.68
2017-03-22,2.66
2017-03-23,2.61
2017-03-24,2.62
2017-03-27,2.63
2017-03-28,2.62
2017-03-29,2.6
2017-03-30,2.65
2017-03-31,2.67
2017-04-03,2.69
2017-04-04,2.64
2017-04-05,2.6
2017-04-06,2.61
2017-04-07,2.66
2017-04-10,2.64
2017-04-11,2.63
2017-04-12,2.59
2017-04-13,2.6
2017-04-17,2.54
2017-04-18,2.57
2017-04-20,2.57
2017-04-21,2.51
2017-04-24,2.54
2017-04-25,2.54
2017-04-26,2.55
2017-04-27,2.58
2017-04-28,2.58
2017-05-02,2.57
2017-05-03,2.59
2017-05-04,2.62
2017-05-05,2.53
2017-05-08,2.5
2017-05-09,2.52
2017-05-10,2.48
2017-05-11,2.49
2017-05-12,2.48
2017-05-15,2.5
2017-05-16,2.51
2017-05-17,2.54
2017-05-18,2.54
2017-05-19,2.54
2017-05-22,2.52
2017-05-23,2.57
2017-05-24,2.58
2017-05-25,2.58
2017-05-26,2.57
2017-05-29,2.59
2017-05-30,2.56
2017-05-31,2.56
2017-06-01,2.56
2017-06-02,2.57
2017-06-05,2.57
2017-06-06,2.56
2017-06-07,2.54
2017-06-08,2.53
2017-06-09,2.54
2017-06-12,2.59
2017-06-13,2.62
2017-06-14,2.6
2017-06-15,2.58
2017-06-16,2.57
2017-06-19,2.56
2017-06-20,2.56
2017-06-21,2.59
2017-06-22,2.55
2017-06-23,2.59
2017-06-27,2.6
2017-06-28,2.62
2017-06-29,2.65
2017-06-30,2.66
2017-07-03,2.69
2017-07-04,2.69
2017-07-05,2.68
2017-07-06,2.66
2017-07-07,2.64
2017-07-10,2.64
2017-07-11,2.63
2017-07-12,2.63
2017-07-13,2.65
2017-07-14,2.67
2017-07-17,2.66
2017-07-18,2.68
2017-07-19,2.71
2017-07-20,2.71
2017-07-21,2.69
2017-07-24,2.69
2017-07-25,2.71
2017-07-26,2.72
2017-07-27,2.81
2017-07-28,2.86
2017-07-31,2.86
2017-08-01,2.86
2017-08-02,2.87
2017-08-03,2.86
2017-08-04,2.87
2017-08-07,2.87
2017-08-08,2.88
2017-08-09,2.9
2017-08-10,2.93
2017-08-11,2.92
2017-08-14,2.9
2017-08-16,2.9
2017-08-17,2.88
2017-08-18,2.95
2017-08-21,2.93
2017-08-22,2.93
2017-08-23,2.97
2017-08-24,2.97
2017-08-25,2.97
2017-08-28,3.02
2017-08-29,3.02
2017-08-30,3.02
2017-08-31,3.07
2017-09-01,3.06
2017-09-04,3.07
2017-09-05,3.09
2017-09-06,3.12
2017-09-07,3.12
2017-09-08,3.12
2017-09-11,3.12
2017-09-12,3.03
2017-09-13,3.05
2017-09-14,3.01
2017-09-15,2.95
2017-09-20,2.93
2017-09-21,2.94
2017-09-22,2.94
2017-09-25,2.92
2017-09-26,2.91
2017-09-27,2.9
2017-09-28,2.88
2017-09-29,2.9
2017-10-02,2.94
2017-10-03,2.92
2017-10-04,2.92
2017-10-05,2.93
2017-10-06,2.94
2017-10-10,3.02
2017-10-11,3.0
2017-10-12,3.04
2017-10-13,3.06
2017-10-16,3.11
2017-10-17,3.11
2017-10-18,3.23
2017-10-19,3.17
2017-10-20,3.15
2017-10-23,3.15
2017-10-24,3.14
2017-10-25,3.16
2017-10-26,3.18
2017-10-30,3.17
2017-10-31,3.08
2017-11-02,3.1
2017-11-03,3.13
2017-11-06,3.13
2017-11-07,3.11
2017-11-08,3.15
2017-11-09,3.08
2017-11-10,3.1
2017-11-13,3.07
2017-11-14,3.06
2017-11-15,3.11
2017-11-16,3.05
2017-11-17,3.06
2017-11-20,3.04
2017-11-21,3.06
2017-11-22,3.08
2017-11-23,3.12
2017-11-24,3.14
2017-11-27,3.15
2017-11-28,3.17
2017-11-29,3.14
2017-11-30,3.07
2017-12-01,3.05
2017-12-04,3.06
2017-12-05,3.09
2017-12-06,3.08
2017-12-07,2.95
2018-01-02,3.29
2018-01-03,3.27
2018-01-04,3.25
2018-01-05,3.22
2018-01-08,3.24
2018-01-09,3.21
2018-01-10,3.21
2018-01-11,3.2
2018-01-12,3.23
2018-01-15,3.22
2018-01-16,3.21
2018-01-17,3.26
2018-01-18,3.19
2018-01-19,3.17
2018-01-22,3.19
2018-01-23,3.17
2018-01-24,3.19
2018-01-25,3.12
2018-01-26,3.23
2018-01-29,3.22
2018-01-30,3.19
2018-01-31,3.19
2018-02-01,3.18
2018-02-02,3.21
2018-02-05,3.21
2018-02-06,3.18
2018-02-07,3.23
2018-02-08,3.19
2018-02-09,3.1
2018-02-12,3.09
2018-02-13,3.04
2018-02-14,3.08
2018-02-15,3.15
2018-02-16,3.23
2018-02-19,3.24
2018-02-20,3.26
2018-02-21,3.21
2018-02-22,3.2
2018-02-23,3.21
2018-02-26,3.23
2018-02-27,3.2
2018-02-28,3.21
2018-03-01,3.17
2018-03-02,3.13
2018-03-05,3.12
2018-03-06,3.11
2018-03-07,3.12
2018-03-08,3.16
2018-03-09,3.13
2018-03-12,3.08
2018-03-13,3.15
2018-03-14,3.12
2018-03-15,3.14
2018-03-16,3.15
2018-03-19,3.12
2018-03-20,3.11
2018-03-21,3.09
2018-03-22,3.05
2018-03-23,3.07
2018-03-26,3.02
2018-03-27,3.0
2018-03-28,2.97
2018-03-29,3.0
2018-04-02,3.01
2018-04-03,3.03
2018-04-04,3.03
2018-04-05,3.07
2018-04-06,3.03
2018-04-09,3.08
2018-04-10,3.05
2018-04-11,3.08
2018-04-12,3.13
2018-04-13,3.14
2018-04-16,3.08
2018-04-17,3.08
2018-04-18,3.12
2018-04-19,3.1
2018-04-20,3.17
2018-04-23,3.15
2018-04-24,3.15
2018-04-25,3.13
2018-04-26,3.16
2018-04-27,3.16
2018-04-30,3.14
2018-05-02,3.07
2018-05-03,3.04
2018-05-04,3.08
2018-05-07,3.08
2018-05-08,3.08
2018-05-09,3.08
2018-05-10,3.04
2018-05-11,3.07
2018-05-14,3.12
2018-05-15,3.13
2018-05-16,3.11
2018-05-17,3.07
2018-05-18,3.08
2018-05-22,3.11
2018-05-23,3.1
2018-05-24,3.15
2018-05-25,3.1
2018-05-28,3.11
2018-05-29,3.11
2018-05-30,3.11
2018-05-31,3.11
2018-06-01,3.1
2018-06-04,3.1
2018-06-05,3.12
2018-06-06,3.16
2018-06-07,3.22
2018-06-08,3.27
2018-06-11,3.33
2018-06-12,3.32
2018-06-13,3.29
2018-06-14,3.27
2018-06-15,3.29
2018-06-18,3.25
2018-06-19,3.18
2018-06-20,3.16
2018-06-21,3.1
2018-06-22,3.07
2018-06-25,3.08
2018-06-26,3.08
2018-06-27,3.06
2018-06-28,3.05
2018-06-29,3.04
2018-07-03,3.01
2018-07-04,2.96
2018-07-05,2.94
2018-07-06,2.9
2018-07-09,2.88
2018-07-10,2.85
2018-07-11,2.9
2018-07-12,2.87
2018-07-13,2.78
2018-07-17,2.82
2018-07-18,2.8
2018-07-19,2.77
2018-07-20,2.78
2018-07-23,2.74
2018-07-24,2.78
2018-07-25,2.77
2018-07-26,2.84
2018-07-27,2.84
2018-07-30,2.84
2018-07-31,2.85
2018-08-01,2.82
2018-08-02,2.85
2018-08-03,2.79
2018-08-06,2.77
2018-08-07,2.8
2018-08-08,2.77
2018-08-09,2.79
2018-08-10,2.79
2018-08-13,2.81
2018-08-14,2.79
2018-08-16,2.78
2018-08-17,2.61
2018-08-20,2.68
2018-08-21,2.67
2018-08-22,2.7
2018-08-23,2.73
2018-08-24,2.71
2018-08-27,2.71
2018-08-28,2.76
2018-08-29,2.76
2018-08-30,2.78
2018-08-31,2.75
2018-09-03,2.75
2018-09-04,2.71
2018-09-05,2.7
2018-09-06,2.63
2018-09-07,2.66
2018-09-10,2.68
2018-09-11,2.68
2018-09-12,2.67
2018-09-13,2.65
2018-09-14,2.71
2018-09-20,2.73
2018-09-21,2.77
2018-09-24,2.76
2018-09-25,2.89
2018-09-26,2.88
2018-09-27,2.86
2018-09-28,2.84
2018-10-01,2.8
2018-10-02,2.84
2018-10-03,2.84
2018-10-04,2.85
2018-10-05,2.84
2018-10-08,2.85
2018-10-09,2.8
2018-10-10,2.8
2018-10-11,2.86
2018-10-12,2.84
2018-10-16,2.84
2018-10-17,2.86
2018-10-18,2.81
2018-10-19,2.82
2018-10-22,2.79
2018-10-23,2.82
2018-10-24,2.83
2018-10-25,2.81
2018-10-26,2.81
2018-10-29,2.84
2018-10-30,2.82
2018-10-31,2.8
2018-11-05,2.76
2018-11-06,2.87
2018-11-07,2.82
2018-11-08,2.8
2018-11-09,2.8
2018-11-12,2.8
2018-11-13,2.76
2018-11-14,2.76
2018-11-15,2.76
2018-11-16,2.77
2018-11-19,2.81
2018-11-20,2.82
2018-11-21,2.85
2018-11-22,2.82
2018-11-23,2.84
2018-11-26,2.85
2018-11-27,2.83
2018-11-28,2.82
2018-11-29,2.79
2018-11-30,2.83
2018-12-03,2.83
2018-12-04,2.82
2018-12-05,2.86
2018-12-06,2.82
2018-12-07,2.8
2018-12-10,2.76
2018-12-11,2.79
2018-12-12,2.76
2018-12-13,2.8
2018-12-14,2.79
2018-12-17,2.79
2018-12-18,2.78
2018-12-19,2.76
2018-12-20,2.7
2018-12-21,2.72
2018-12-24,2.71
2018-12-26,2.71
2018-12-27,2.69
2018-12-28,2.69
2019-01-02,2.71
2019-01-03,2.7
2019-01-04,2.64
2019-01-07,2.59
2019-01-08,2.68
2019-01-09,2.68
2019-01-10,2.67
2019-01-11,2.69
2019-01-14,2.68
2019-01-15,2.69
2019-01-16,2.66
2019-01-17,2.67
2019-01-18,2.69
2019-01-21,2.71
2019-01-22,2.74
2019-01-23,2.7
2019-01-24,2.68
2019-01-25,2.68
2019-01-28,2.67
2019-01-29,2.74
2019-01-30,2.71
2019-01-31,2.74
2019-02-01,2.78
2019-02-04,2.79
2019-02-05,2.77
2019-02-06,2.79
2019-02-07,2.82
2019-02-08,2.84
2019-02-11,2.82
2019-02-12,2.81
2019-02-13,2.78
2019-02-14,2.76
2019-02-15,2.78
2019-02-18,2.78
2019-02-19,2.81
2019-02-20,2.87
2019-02-21,2.88
2019-02-22,2.92
2019-02-25,2.9
2019-02-26,2.96
2019-02-27,2.96
2019-02-28,2.96
2019-03-01,2.97
2019-03-04,2.97
2019-03-05,2.96
2019-03-06,2.93
2019-03-07,2.97
2019-03-08,2.95
2019-03-11,2.93
2019-03-12,2.91
2019-03-13,2.92
2019-03-14,2.95
2019-03-15,2.95
2019-03-18,2.91
2019-03-19,2.92
2019-03-20,2.93
2019-03-21,2.93
2019-03-22,2.94
2019-03-25,2.92
2019-03-26,2.86
2019-03-27,2.87
2019-03-28,2.87
2019-03-29,2.87
2019-04-01,2.88
2019-04-02,2.94
2019-04-03,2.93
2019-04-04,2.91
2019-04-05,2.94
2019-04-08,2.92
2019-04-09,2.9
2019-04-10,2.93
2019-04-11,2.94
2019-04-12,2.92
2019-04-15,2.9
2019-04-16,2.93
2019-04-17,2.93
2019-04-18,2.93
2019-04-22,2.97
2019-04-23,2.93
2019-04-24,2.93
2019-04-25,2.9
2019-04-26,2.92
2019-04-29,2.88
2019-04-30,2.9
2019-05-02,2.9
2019-05-03,2.82
2019-05-06,2.8
2019-05-07,2.83
2019-05-08,2.83
2019-05-09,2.8
2019-05-10,2.78
2019-05-13,2.76
2019-05-14,2.77
2019-05-15,2.72
2019-05-16,2.72
2019-05-17,2.75
2019-05-20,2.75
2019-05-22,2.74
2019-05-23,2.71
2019-05-24,2.67
2019-05-27,2.68
2019-05-28,2.69
2019-05-29,2.69
2019-05-30,2.69
2019-05-31,2.66
2019-06-03,2.64
2019-06-04,2.63
2019-06-05,2.64
2019-06-06,2.66
2019-06-07,2.62
2019-06-10,2.63
2019-06-11,2.62
2019-06-12,2.66
2019-06-13,2.66
2019-06-14,2.64
2019-06-17,2.64
2019-06-18,2.63
2019-06-19,2.64
2019-06-20,2.69
2019-06-21,2.67
2019-06-24,2.7
2019-06-25,2.7
2019-06-26,2.69
2019-06-27,2.73
2019-06-28,2.71
2019-07-01,2.71
2019-07-02,2.71
2019-07-03,2.69
2019-07-04,2.66
2019-07-05,2.68
2019-07-08,2.68
2019-07-09,2.67
2019-07-10,2.66
2019-07-11,2.63
2019-07-12,2.69
2019-07-15,2.7
2019-07-17,2.69
2019-07-18,2.72
2019-07-19,2.71
2019-07-22,2.71
2019-07-23,2.75
2019-07-24,2.72
2019-07-25,2.7
2019-07-26,2.71
2019-07-29,2.72
2019-07-30,2.69
2019-07-31,2.72
2019-08-01,2.69
2019-08-02,2.68
2019-08-05,2.66
2019-08-06,2.59
2019-08-07,2.57
2019-08-08,2.57
2019-08-09,2.58
2019-08-12,2.62
2019-08-13,2.6
2019-08-14,2.59
2019-08-16,2.63
2019-08-19,2.6
2019-08-20,2.59
2019-08-21,2.61
2019-08-22,2.58
2019-08-23,2.59
2019-08-26,2.57
2019-08-27,2.55
2019-08-28,2.55
2019-08-29,2.57
2019-08-30,2.57
2019-09-02,2.59
2019-09-03,2.57
2019-09-04,2.54
2019-09-05,2.53
2019-09-06,2.6
2019-09-09,2.64
2019-09-10,2.64
2019-09-11,2.63
2019-09-12,2.63
2019-09-13,2.6
2019-09-16,2.63
2019-09-17,2.7
2019-09-23,2.65
2019-09-24,2.62
2019-09-25,2.61
2019-09-26,2.61
2019-09-27,2.61
2019-09-30,2.58
2019-10-01,2.6
2019-10-02,2.58
2019-10-03,2.57
2019-10-04,2.56
2019-10-07,2.55
2019-10-08,2.54
2019-10-09,2.58
2019-10-10,2.56
2019-10-11,2.56
2019-10-14,2.61
2019-10-15,2.61
2019-10-16,2.62
2019-10-17,2.6
2019-10-18,2.59
2019-10-21,2.59
2019-10-22,2.62
2019-10-23,2.63
2019-10-24,2.63
2019-10-25,2.66
2019-10-28,2.66
2019-10-29,2.68
2019-10-30,2.67
2019-11-04,2.68
2019-11-05,2.64
2019-11-06,2.66
2019-11-07,2.68
2019-11-08,2.67
2019-11-11,2.71
2019-11-12,2.68
2019-11-13,2.66
2019-11-14,2.65
2019-11-15,2.64
2019-11-18,2.63
2019-11-19,2.64
2019-11-20,2.64
2019-11-21,2.66
2019-11-22,2.66
2019-11-25,2.64
2019-11-26,2.65
2019-11-27,2.65
2019-11-28,2.68
2019-11-29,2.69
2019-12-02,2.66
2019-12-03,2.65
2019-12-04,2.66
2019-12-05,2.63
2019-12-06,2.66
2019-12-09,2.66
2019-12-10,2.7
2019-12-11,2.74
2019-12-12,2.75
2019-12-13,2.78
2019-12-16,2.78
2019-12-17,2.77
2019-12-18,2.81
2019-12-19,2.8
2019-12-20,2.79
2019-12-23,2.81
2019-12-24,2.79
2019-12-26,2.79
2019-12-27,2.81
2019-12-30,2.81
2020-01-02,2.81
2020-01-03,2.79
2020-01-06,2.8
2020-01-07,2.77
2020-01-08,2.77
2020-01-09,2.78
2020-01-10,2.79
2020-01-13,2.79
2020-01-14,2.8
2020-01-15,2.84
2020-01-16,2.84
2020-01-17,2.84
2020-01-20,2.84
2020-01-21,2.83
2020-01-22,2.83
2020-01-23,2.78
2020-01-24,2.76
2020-01-27,2.7
2020-01-28,2.68
2020-01-29,2.59
2020-01-30,2.57
2020-01-31,2.55
2020-02-03,2.53
2020-02-04,2.52
2020-02-05,2.5
2020-02-06,2.54
2020-02-07,2.59
2020-02-10,2.6
2020-02-11,2.56
2020-02-12,2.56
2020-02-13,2.6
2020-02-14,2.61
2020-02-17,2.62
2020-02-18,2.61
2020-02-19,2.63
2020-02-20,2.61
2020-02-21,2.61
2020-02-24,2.59
2020-02-25,2.61
2020-02-26,2.57
2020-02-27,2.57
2020-02-28,2.56
2020-03-02,2.54
2020-03-03,2.55
2020-03-04,2.58
2020-03-05,2.56
2020-03-06,2.57
2020-03-09,2.57
2020-03-10,2.54
2020-03-11,2.5
2020-03-12,2.52
2020-03-13,2.5
2020-03-16,2.46
2020-03-17,2.47
2020-03-18,2.39
2020-03-19,2.33
2020-03-20,2.15
2020-03-23,2.19
2020-03-24,2.18
2020-03-25,2.1
2020-03-26,2.18
2020-03-27,2.2
2020-03-30,2.17
2020-03-31,2.17
2020-04-01,2.16
2020-04-02,2.24
2020-04-03,2.17
2020-04-06,2.21
2020-04-07,2.19
2020-04-08,2.21
2020-04-09,2.28
2020-04-13,2.26
2020-04-14,2.26
2020-04-15,2.26
2020-04-16,2.33
2020-04-17,2.31
2020-04-20,2.32
2020-04-21,2.36
2020-04-22,2.34
2020-04-23,2.27
2020-04-24,2.32
2020-04-27,2.33
2020-04-28,2.32
2020-04-29,2.35
2020-04-30,2.36
2020-05-04,2.37
2020-05-05,2.3
2020-05-06,2.31
2020-05-07,2.33
2020-05-08,2.34
2020-05-11,2.38
2020-05-12,2.38
2020-05-13,2.37
2020-05-14,2.37
2020-05-15,2.35
2020-05-18,2.35
2020-05-19,2.34
2020-05-20,2.4
2020-05-22,2.42
2020-05-25,2.43
2020-05-26,2.39
2020-05-27,2.39
2020-05-28,2.42
2020-05-29,2.37
2020-06-01,2.41
2020-06-02,2.43
2020-06-03,2.48
2020-06-04,2.5
2020-06-05,2.49
2020-06-08,2.5
2020-06-09,2.57
2020-06-10,2.58
2020-06-11,2.61
2020-06-12,2.67
2020-06-15,2.6
2020-06-16,2.61
2020-06-17,2.58
2020-06-18,2.58
2020-06-19,2.6
2020-06-22,2.62
2020-06-23,2.64
2020-06-24,2.66
2020-06-25,2.67
2020-06-26,2.66
2020-06-30,2.67
2020-07-01,2.7
2020-07-02,2.72
2020-07-03,2.74
2020-07-06,2.75
2020-07-07,2.73
2020-07-08,2.78
2020-07-09,2.81
2020-07-10,2.83
2020-07-13,2.86
2020-07-14,2.91
2020-07-15,2.98
2020-07-17,2.95
2020-07-20,2.92
2020-07-21,2.93
2020-07-22,2.95
2020-07-23,2.97
2020-07-24,2.95
2020-07-27,2.98
2020-07-28,2.92
2020-07-29,2.92
2020-07-30,2.94
2020-07-31,2.94
2020-08-03,2.92
2020-08-04,2.91
2020-08-05,2.95
2020-08-06,2.93
2020-08-07,2.95
2020-08-10,2.94
2020-08-11,2.86
2020-08-12,2.9
2020-08-13,2.89
2020-08-14,2.92
2020-08-17,2.84
2020-08-18,2.89
2020-08-19,2.93
2020-08-20,2.99
2020-08-21,3.04
2020-08-24,3.0
2020-08-25,2.95
2020-08-26,2.96
2020-08-27,2.97
2020-08-28,3.0
2020-08-31,3.01
2020-09-01,3.04
2020-09-02,3.04
2020-09-03,3.04
2020-09-04,3.04
2020-09-07,2.98
2020-09-08,3.05
2020-09-09,3.09
2020-09-10,3.04
2020-09-11,3.07
2020-09-14,3.03
2020-09-15,3.07
2020-09-16,3.09
2020-09-17,3.07
2020-09-21,3.08
2020-09-22,3.11
2020-09-23,3.05
2020-09-24,3.09
2020-09-25,3.0
2020-09-28,2.96
2020-09-29,2.97
2020-09-30,2.98
2020-10-01,2.98
2020-10-02,3.02
2020-10-05,2.89
2020-10-06,2.97
2020-10-07,2.95
2020-10-08,2.95
2020-10-09,3.02
2020-10-13,3.03
2020-10-14,3.05
2020-10-15,3.03
2020-10-16,3.04
2020-10-19,3.06
2020-10-20,3.05
2020-10-21,3.07
2020-10-22,3.12
2020-10-23,3.17
2020-10-26,3.13
2020-10-27,3.11
2020-10-28,3.07
2020-10-29,3.07
2020-10-30,3.05
2020-11-02,3.05
2020-11-03,3.04
2020-11-04,3.06
2020-11-05,3.09
2020-11-06,3.1
2020-11-09,3.1
2020-11-10,3.15
2020-11-11,3.13
2020-11-12,3.14
2020-11-13,3.11
2020-11-16,3.14
2020-11-17,3.16
2020-11-18,3.22
2020-11-19,3.2
2020-11-20,3.21
2020-11-23,3.21
2020-11-24,3.29
2020-11-25,3.25
2020-11-26,3.3
2020-11-27,3.3
2020-11-30,3.35
2020-12-01,3.4
2020-12-02,3.43
2020-12-03,3.49
2020-12-04,3.48
2020-12-07,3.48
2020-12-09,3.52
2020-12-10,3.48
2020-12-11,3.5
2020-12-14,3.57
2020-12-15,3.52
2020-12-16,3.51
2020-12-17,3.52
2020-12-18,3.54
2020-12-21,3.58
2020-12-22,3.61
2020-12-23,3.55
2020-12-24,3.5
2020-12-28,3.55
2020-12-29,3.52
2020-12-30,3.52
2021-01-04,3.56
2021-01-05,3.51
2021-01-06,3.56
2021-01-07,3.63
2021-01-08,3.64
2021-01-11,3.7
2021-01-12,3.68
2021-01-13,3.56
2021-01-14,3.61
2021-01-15,3.63
2021-01-18,3.65
2021-01-19,3.6
2021-01-20,3.61
2021-01-21,3.61
2021-01-22,3.65
2021-01-25,3.64
2021-01-26,3.63
2021-01-27,3.61
2021-01-28,3.63
2021-01-29,3.55
2021-02-01,3.57
2021-02-02,3.57
2021-02-03,3.54
2021-02-04,3.53
2021-02-05,3.56
2021-02-08,3.55
2021-02-09,3.6
2021-02-10,3.65
2021-02-11,3.7
2021-02-12,3.77
2021-02-15,3.76
2021-02-16,3.79
2021-02-17,3.82
2021-02-18,3.82
2021-02-19,3.81
2021-02-22,3.89
2021-02-23,4.06
2021-02-24,4.14
2021-02-25,4.19
2021-02-26,4.24
2021-03-01,4.29
2021-03-02,4.15
2021-03-03,4.12
2021-03-04,4.18
2021-03-05,4.14
2021-03-08,4.05
2021-03-09,4.04
2021-03-10,4.09
2021-03-11,3.99
2021-03-12,4.03
2021-03-15,4.11
2021-03-16,4.13
2021-03-17,4.16
2021-03-18,4.07
2021-03-19,4.11
2021-03-22,4.11
2021-03-23,4.12
2021-03-24,4.14
2021-03-25,4.07
2021-03-26,4.07
2021-03-29,3.99
2021-03-30,4.07
2021-03-31,4.02
2021-04-01,3.98
2021-04-05,3.99
2021-04-06,3.99
2021-04-07,3.99
2021-04-08,4.11
2021-04-09,4.05
2021-04-12,4.09
2021-04-13,4.05
2021-04-14,4.02
2021-04-15,4.04
2021-04-16,4.12
2021-04-19,4.22
2021-04-20,4.19
2021-04-21,4.26
2021-04-22,4.23
2021-04-23,4.29
2021-04-26,4.27
2021-04-27,4.35
2021-04-28,4.43
2021-04-29,4.47
2021-04-30,4.48
2021-05-03,4.49
2021-05-04,4.46
2021-05-05,4.46
2021-05-06,4.52
2021-05-07,4.51
2021-05-10,4.58
2021-05-11,4.73
2021-05-12,4.71
2021-05-13,4.74
2021-05-14,4.73
2021-05-17,4.68
2021-05-18,4.63
2021-05-19,4.69
2021-05-20,4.71
2021-05-24,4.53
2021-05-25,4.48
2021-05-26,4.5
2021-05-27,4.49
2021-05-28,4.52
2021-05-31,4.63
2021-06-01,4.65
2021-06-02,4.65
2021-06-03,4.64
2021-06-04,4.6
2021-06-07,4.43
2021-06-08,4.51
2021-06-09,4.48
2021-06-10,4.51
2021-06-11,4.51
2021-06-14,4.47
2021-06-15,4.52
2021-06-16,4.51
2021-06-17,4.33
2021-06-18,4.37
2021-06-22,4.21
2021-06-23,4.15
2021-06-24,4.21
2021-06-25,4.29
2021-06-29,4.26
2021-06-30,4.25
2021-07-01,4.22
2021-07-02,4.24
2021-07-05,4.22
2021-07-06,4.24
2021-07-07,4.3
2021-07-08,4.21
2021-07-09,4.27
2021-07-12,4.21
2021-07-13,4.3
2021-07-14,4.25
2021-07-15,4.25
2021-07-19,4.22
2021-07-20,4.26
2021-07-21,4.17
2021-07-22,4.22
2021-07-23,4.23
2021-07-26,4.27
2021-07-27,4.31
2021-07-28,4.44
2021-07-29,4.42
2021-07-30,4.38
2021-08-02,4.45
2021-08-03,4.4
2021-08-04,4.39
2021-08-05,4.32
2021-08-06,4.28
2021-08-09,4.3
2021-08-10,4.28
2021-08-11,4.24
2021-08-12,4.31
2021-08-13,4.3
2021-08-16,4.28
2021-08-17,4.33
2021-08-18,4.27
2021-08-19,4.19
2021-08-20,4.09
2021-08-23,4.03
2021-08-24,4.1
2021-08-25,4.22
2021-08-26,4.25
2021-08-27,4.25
2021-08-30,4.23
2021-08-31,4.27
2021-09-01,4.27
2021-09-02,4.32
2021-09-03,4.23
2021-09-06,4.25
2021-09-07,4.27
2021-09-08,4.28
2021-09-09,4.23
2021-09-10,4.19
2021-09-13,4.25
2021-09-14,4.39
2021-09-15,4.33
2021-09-16,4.28
2021-09-20,4.36
2021-09-21,4.22
2021-09-22,4.1
2021-09-23,4.07
2021-09-24,4.22
2021-09-27,4.21
2021-09-28,4.24
2021-09-29,4.25
2021-09-30,4.21
2021-10-01,4.16
2021-10-04,4.06
2021-10-05,4.14
2021-10-06,4.2
2021-10-07,4.16
2021-10-08,4.11
2021-10-12,4.21
2021-10-13,4.36
2021-10-14,4.32
2021-10-15,4.43
2021-10-18,4.6
2021-10-19,4.78
2021-10-20,5.13
2021-10-21,4.76
2021-10-22,4.75
2021-10-25,4.57
2021-10-26,4.47
2021-10-27,4.57
2021-10-28,4.52
2021-10-29,4.38
2021-11-02,4.47
2021-11-03,4.53
2021-11-04,4.43
2021-11-05,4.38
2021-11-08,4.4
2021-11-09,4.42
2021-11-10,4.49
2021-11-11,4.43
2021-11-12,4.4
2021-11-15,4.45
2021-11-16,4.46
2021-11-17,4.4
2021-11-18,4.34
2021-11-19,4.27
2021-11-22,4.31
2021-11-23,4.42
2021-11-24,4.46
2021-11-25,4.45
2021-11-26,4.49
2021-11-29,4.49
2021-11-30,4.34
2021-12-01,4.38
2021-12-02,4.32
2021-12-03,4.31
2021-12-06,4.35
2021-12-07,4.3
2021-12-09,4.34
2021-12-10,4.38
2021-12-13,4.33
2021-12-14,4.31
2021-12-15,4.28
2021-12-16,4.27
2021-12-17,4.18
2021-12-20,4.32
2021-12-21,4.29
2021-12-22,4.29
2021-12-23,4.34
2021-12-24,4.37
2021-12-27,4.37
2021-12-28,4.35
2021-12-29,4.35
2021-12-30,4.35
2022-01-03,4.41
2022-01-04,4.42
2022-01-05,4.42
2022-01-06,4.44
2022-01-07,4.4
2022-01-10,4.33
2022-01-11,4.4
2022-01-12,4.34
2022-01-13,4.42
2022-01-14,4.57
2022-01-17,4.52
2022-01-18,4.41
2022-01-19,4.42
2022-01-20,4.39
2022-01-21,4.47
2022-01-24,4.54
2022-01-25,4.53
2022-01-26,4.43
2022-01-27,4.46
2022-01-28,4.51
2022-01-31,4.46
2022-02-01,4.33
2022-02-02,4.34
2022-02-03,4.42
2022-02-04,4.48
2022-02-07,4.48
2022-02-08,4.48
2022-02-09,4.45
2022-02-10,4.45
2022-02-11,4.58
2022-02-14,4.67
2022-02-15,4.49
2022-02-16,4.53
2022-02-17,4.54
2022-02-18,4.55
2022-02-21,4.53
2022-02-22,4.54
2022-02-23,4.51
2022-02-24,4.52
2022-02-25,4.49
2022-02-28,4.5
2022-03-01,4.5
2022-03-02,4.5
2022-03-03,4.58
2022-03-04,4.62
2022-03-07,4.71
2022-03-08,4.85
2022-03-09,4.65
2022-03-10,4.61
2022-03-11,4.52
2022-03-14,4.58
2022-03-15,4.6
2022-03-16,4.49
2022-03-17,4.47
2022-03-18,4.56
2022-03-21,4.64
2022-03-22,4.68
2022-03-23,4.67
2022-03-24,4.65
2022-03-25,4.74
2022-03-28,4.68
2022-03-29,4.65
2022-03-30,4.69
2022-03-31,4.68
2022-04-01,4.7
2022-04-04,4.7
2022-04-05,4.69
2022-04-06,4.74
2022-04-07,4.73
2022-04-08,4.67
2022-04-11,4.68
2022-04-12,4.67
2022-04-13,4.62
2022-04-14,4.68
2022-04-18,4.66
2022-04-19,4.67
2022-04-20,4.67
2022-04-21,4.66
2022-04-22,4.62
2022-04-25,4.66
2022-04-26,4.59
2022-04-27,4.44
2022-04-28,4.47
2022-04-29,4.48
2022-05-02,4.4
2022-05-03,4.43
2022-05-04,4.43
2022-05-05,4.27
2022-05-06,4.29
2022-05-09,4.31
2022-05-10,4.27
2022-05-11,4.19
2022-05-12,4.19
2022-05-13,4.25
2022-05-16,4.13
2022-05-17,4.17
2022-05-18,4.2
2022-05-19,4.26
2022-05-20,4.2
2022-05-23,4.29
2022-05-24,4.29
2022-05-25,4.35
2022-05-26,4.29
2022-05-27,4.25
2022-05-30,4.24
2022-05-31,4.29
2022-06-01,4.33
2022-06-02,4.28
2022-06-03,4.31
2022-06-06,4.31
2022-06-07,4.31
2022-06-08,4.42
2022-06-09,4.4
2022-06-10,4.42
2022-06-13,4.36
2022-06-14,4.29
2022-06-15,4.21
2022-06-16,4.18
2022-06-17,4.18
2022-06-20,4.12
2022-06-22,4.07
2022-06-23,4.08
2022-06-24,3.98
2022-06-28,3.81
2022-06-29,3.82
2022-06-30,3.79
2022-07-01,3.81
2022-07-04,3.74
2022-07-05,3.65
2022-07-06,3.63
2022-07-07,3.47
2022-07-08,3.4
2022-07-11,3.55
2022-07-12,3.54
2022-07-13,3.43
2022-07-14,3.33
2022-07-15,3.32
2022-07-18,3.25
2022-07-19,3.26
2022-07-20,3.36
2022-07-21,3.29
2022-07-22,3.34
2022-07-25,3.31
2022-07-26,3.37
2022-07-27,3.39
2022-07-28,3.41
2022-07-29,3.46
2022-08-01,3.52
2022-08-02,3.6
2022-08-03,3.55
2022-08-04,3.54
2022-08-05,3.48
2022-08-08,3.5
2022-08-09,3.57
2022-08-10,3.62
2022-08-11,3.62
2022-08-12,3.67
2022-08-16,3.7
2022-08-17,3.62
2022-08-18,3.62
2022-08-19,3.59
2022-08-22,3.65
2022-08-23,3.67
2022-08-24,3.66
2022-08-25,3.71
2022-08-26,3.66
2022-08-29,3.7
2022-08-30,3.71
2022-08-31,3.71
2022-09-01,3.58
2022-09-02,3.56
2022-09-04,3.47
2022-09-05,3.49
2022-09-06,3.51
2022-09-07,3.52
2022-09-08,3.49
2022-09-12,3.59
2022-09-13,3.59
2022-09-14,3.66
2022-09-15,3.63
2022-09-20,3.58
2022-09-21,3.55
2022-09-22,3.55
2022-09-23,3.51
2022-09-26,3.51
2022-09-27,3.41
2022-09-28,3.37
2022-09-29,3.37
2022-09-30,3.41
2022-10-03,3.47
2022-10-04,3.49
2022-10-05,3.45
2022-10-06,3.54
2022-10-07,3.5
2022-10-11,3.47
2022-10-12,3.46
2022-10-13,3.48
2022-10-14,3.46
2022-10-17,3.48
2022-10-18,3.47
2022-10-19,3.47
2022-10-20,3.39
2022-10-21,3.38
2022-10-24,3.47
2022-10-25,3.5
2022-10-26,3.49
2022-10-27,3.46
2022-10-28,3.58
2022-11-02,3.56
2022-11-03,3.5
2022-11-04,3.48
2022-11-07,3.45
2022-11-08,3.69
2022-11-09,3.59
2022-11-10,3.69
2022-11-11,3.68
2022-11-14,3.76
2022-11-15,3.86
2022-11-16,3.79
2022-11-17,3.79
2022-11-18,3.75
2022-11-21,3.66
2022-11-22,3.65
2022-11-23,3.56
2022-11-24,3.62
2022-11-25,3.61
2022-11-28,3.63
2022-11-29,3.62
2022-11-30,3.6
2022-12-01,3.65
2022-12-02,3.73
2022-12-05,3.77
2022-12-06,3.83
2022-12-07,3.79
2022-12-09,3.8
2022-12-12,3.87
2022-12-13,3.86
2022-12-14,3.78
2022-12-15,3.83
2022-12-16,3.85
2022-12-19,3.74
2022-12-20,3.73
2022-12-21,3.77
2022-12-22,3.78
2022-12-23,3.8
2022-12-26,3.76
2022-12-27,3.78
2022-12-28,3.78
2022-12-29,3.78
2022-12-30,3.82
2023-01-03,3.81
2023-01-04,3.79
2023-01-05,3.77
2023-01-06,3.74
2023-01-09,3.79
2023-01-10,3.89
2023-01-11,4.01
2023-01-12,4.03
2023-01-13,4.13
2023-01-16,4.16
2023-01-17,4.16
2023-01-18,4.12
2023-01-19,4.21
2023-01-20,4.23
2023-01-23,4.22
2023-01-24,4.22
2023-01-25,4.23
2023-01-26,4.21
2023-01-27,4.21
2023-01-30,4.22
2023-01-31,4.19
2023-02-01,4.17
2023-02-02,4.17
2023-02-03,4.11
2023-02-06,4.1
2023-02-07,4.06
2023-02-08,4.01
2023-02-09,4.03
2023-02-10,4.02
2023-02-13,4.06
2023-02-14,4.0
2023-02-15,4.04
2023-02-16,4.05
2023-02-17,4.0
2023-02-20,4.08
2023-02-21,4.06
2023-02-22,4.13
2023-02-23,4.17
2023-02-24,4.13
2023-02-27,4.03
2023-02-28,3.94
2023-03-01,3.98
2023-03-02,4.06
2023-03-03,4.12
2023-03-06,4.05
2023-03-07,4.06
2023-03-08,4.03
2023-03-09,3.96
2023-03-10,4.03
2023-03-13,4.01
2023-03-14,4.01
2023-03-15,4.05
2023-03-16,4.0
2023-03-17,3.85
2023-03-20,3.86
2023-03-21,3.89
2023-03-22,3.95
2023-03-23,3.97
2023-03-24,4.04
2023-03-27,4.1
2023-03-28,4.04
2023-03-29,4.06
2023-03-30,4.07
2023-03-31,4.09
2023-04-03,4.08
2023-04-04,4.08
2023-04-05,4.04
2023-04-06,3.96
2023-04-10,3.98
2023-04-11,3.99
2023-04-12,3.99
2023-04-13,4.02
2023-04-14,4.04
2023-04-17,4.11
2023-04-18,4.1
2023-04-19,4.07
2023-04-20,4.08
2023-04-21,4.06
2023-04-24,4.02
2023-04-25,3.98
2023-04-26,3.95
2023-04-27,3.86
2023-04-28,3.87
2023-05-02,3.89
2023-05-03,3.89
2023-05-04,3.85
2023-05-05,3.83
2023-05-08,3.84
2023-05-09,3.88
2023-05-10,3.88
2023-05-11,3.88
2023-05-12,3.83
2023-05-15,3.69
2023-05-16,3.73
2023-05-17,3.73
2023-05-18,3.66
2023-05-19,3.75
2023-05-22,3.69
2023-05-23,3.72
2023-05-24,3.66
2023-05-25,3.65
2023-05-26,3.56
2023-05-29,3.59
2023-05-30,3.68
2023-05-31,3.68
2023-06-01,3.68
2023-06-02,3.66
2023-06-05,3.74
2023-06-06,3.73
2023-06-07,3.78
2023-06-08,3.78
2023-06-09,3.76
2023-06-12,3.78
2023-06-13,3.79
2023-06-14,3.76
2023-06-15,3.83
2023-06-16,3.86
2023-06-19,3.88
2023-06-20,3.88
2023-06-22,3.88
2023-06-23,3.9
2023-06-27,3.89
2023-06-28,3.82
2023-06-29,3.8
2023-06-30,3.75
2023-07-03,3.71
2023-07-04,3.77
2023-07-05,3.81
2023-07-06,3.79
2023-07-07,3.77
2023-07-10,3.74
2023-07-11,3.79
2023-07-12,3.79
2023-07-13,3.77
2023-07-14,3.85
2023-07-17,3.94
2023-07-18,3.93
2023-07-19,3.84
2023-07-20,3.83
2023-07-21,3.81
2023-07-24,3.84
2023-07-25,3.82
2023-07-26,3.85
2023-07-27,3.92
2023-07-28,3.89
2023-07-31,3.87
2023-08-01,3.91
2023-08-02,3.99
2023-08-03,3.9
2023-08-04,3.84
2023-08-07,3.89
2023-08-08,3.87
2023-08-09,3.83
2023-08-10,3.77
2023-08-11,3.79
2023-08-14,3.79
2023-08-16,3.74
2023-08-17,3.69
2023-08-18,3.68
2023-08-21,3.72
2023-08-22,3.73
2023-08-23,3.74
2023-08-24,3.78
2023-08-25,3.82
2023-08-28,3.78
2023-08-29,3.77
2023-08-30,3.77
2023-08-31,3.82
2023-09-01,3.83
2023-09-04,3.81
2023-09-05,3.85
2023-09-06,3.83
2023-09-07,3.85
2023-09-08,3.79
2023-09-11,3.77
2023-09-12,3.73
2023-09-13,3.8
2023-09-14,3.8
2023-09-15,3.81
2023-09-20,3.8
2023-09-21,3.73
2023-09-22,3.76
2023-09-25,3.69
2023-09-26,3.7
2023-09-27,3.66
2023-09-28,3.64
2023-09-29,3.65
2023-10-02,3.7
2023-10-03,3.73
2023-10-04,3.62
2023-10-05,3.6
2023-10-06,3.57
2023-10-10,3.55
2023-10-11,3.65
2023-10-12,3.6
2023-10-13,3.6
2023-10-16,3.59
2023-10-17,3.57
2023-10-18,3.59
2023-10-19,3.58
2023-10-20,3.58
2023-10-23,3.6
2023-10-24,3.57
2023-10-25,3.58
2023-10-26,3.62
2023-10-30,3.61
2023-10-31,3.64
2023-11-02,3.66
2023-11-03,3.64
2023-11-06,3.66
2023-11-07,3.67
2023-11-08,3.7
2023-11-09,3.67
2023-11-10,3.66
2023-11-13,3.66
2023-11-14,3.61
2023-11-15,3.67
2023-11-16,3.69
2023-11-17,3.71
2023-11-20,3.68
2023-11-21,3.71
2023-11-22,3.78
2023-11-23,3.79
2023-11-24,3.74
2023-11-27,3.77
2023-11-28,3.78
2023-11-29,3.75
2023-11-30,3.8
2023-12-01,3.78
2023-12-04,3.8
2023-12-05,3.87
2023-12-06,3.79
2023-12-07,3.74
2023-12-11,3.72
2023-12-12,3.79
2023-12-13,3.74
2023-12-14,3.75
2023-12-15,3.74
2023-12-18,3.84
2023-12-19,3.84
2023-12-20,3.81
2023-12-21,3.86
2023-12-22,3.85
2023-12-26,3.86
2023-12-27,3.85
2023-12-28,3.85
2023-12-29,3.9
2024-01-02,3.87
2024-01-03,3.84
2024-01-04,3.83
2024-01-05,3.82
2024-01-08,3.8
2024-01-09,3.79
2024-01-10,3.78
2024-01-11,3.75
2024-01-12,3.75
2024-01-15,3.75
2024-01-16,3.74
2024-01-17,3.76
2024-01-18,3.75
2024-01-19,3.71
2024-01-22,3.73
2024-01-23,3.75
2024-01-24,3.74
2024-01-25,3.77
2024-01-26,3.84
2024-01-29,3.85
2024-01-30,3.83
2024-01-31,3.84
2024-02-01,3.86
2024-02-02,3.86
2024-02-05,3.82
2024-02-06,3.8
2024-02-07,3.74
2024-02-08,3.76
2024-02-09,3.72
2024-02-12,3.67
2024-02-13,3.66
2024-02-14,3.69
2024-02-15,3.7
2024-02-16,3.67
2024-02-19,3.73
2024-02-20,3.81
2024-02-21,3.79
2024-02-22,3.82
2024-02-23,3.84
2024-02-26,3.86
2024-02-27,3.84
2024-02-28,3.79
2024-02-29,3.8
2024-03-01,3.79
2024-03-04,3.81
2024-03-05,3.82
2024-03-06,3.84
2024-03-07,3.81
2024-03-08,3.85
2024-03-11,3.88
2024-03-12,3.85
2024-03-13,3.88
2024-03-14,3.88
2024-03-15,4.01
2024-03-18,3.98
2024-03-19,4.07
2024-03-20,4.08
2024-03-21,4.02
2024-03-22,4.0
2024-03-25,4.01
2024-03-26,3.97
2024-03-27,3.97
2024-03-28,3.97
2024-04-01,3.97
2024-04-02,3.98
2024-04-03,3.98
2024-04-04,4.03
2024-04-05,4.15
2024-04-08,4.19
2024-04-09,4.18
2024-04-10,4.21
2024-04-11,4.21
2024-04-12,4.19
2024-04-15,4.18
2024-04-16,4.23
2024-04-17,4.31
2024-04-18,4.24
2024-04-19,4.3
2024-04-22,4.38
2024-04-23,4.44
2024-04-24,4.42
2024-04-25,4.36
2024-04-26,4.38
2024-04-29,4.42
2024-04-30,4.47
2024-05-02,4.57
2024-05-03,4.44
2024-05-06,4.37
2024-05-07,4.44
2024-05-08,4.44
2024-05-09,4.49
2024-05-10,4.43
2024-05-13,4.44
2024-05-14,4.49
2024-05-15,4.57
2024-05-16,4.54
2024-05-17,4.59
2024-05-20,4.69
2024-05-22,4.81
2024-05-23,4.87
2024-05-24,4.67
2024-05-27,4.68
2024-05-28,4.63
2024-05-29,4.63
2024-05-30,4.71
2024-05-31,4.68
2024-06-03,4.54
2024-06-04,4.5
2024-06-05,4.54
2024-06-06,4.45
2024-06-07,4.45
2024-06-10,4.55
2024-06-11,4.37
2024-06-12,4.43
2024-06-13,4.37
2024-06-14,4.45
2024-06-17,4.38
2024-06-18,4.36
2024-06-19,4.33
2024-06-21,4.32
2024-06-24,4.41
2024-06-25,4.33
2024-06-26,4.32
2024-06-27,4.27
2024-06-28,4.26
2024-07-01,4.25
2024-07-02,4.29
2024-07-03,4.3
2024-07-04,4.32
2024-07-05,4.41
2024-07-08,4.42
2024-07-09,4.44
2024-07-10,4.43
2024-07-11,4.4
2024-07-12,4.42
2024-07-15,4.37
2024-07-17,4.41
2024-07-18,4.31
2024-07-19,4.3
2024-07-22,4.2
2024-07-23,4.16
2024-07-24,4.12
2024-07-25,4.1
2024-07-26,4.07
2024-07-29,4.08
2024-07-30,4.08
2024-07-31,4.03
2024-08-01,4.01
2024-08-02,4.13
2024-08-05,4.05
2024-08-06,4.05
2024-08-07,3.98
2024-08-08,3.99
2024-08-09,3.92
2024-08-12,3.93
2024-08-13,3.97
2024-08-14,4.04
2024-08-16,4.01
2024-08-19,4.11
2024-08-20,4.09
2024-08-21,4.15
2024-08-22,4.12
2024-08-23,4.14
2024-08-26,4.09
2024-08-27,4.16
2024-08-28,4.16
2024-08-29,4.23
2024-08-30,4.14
2024-09-02,4.14
2024-09-03,4.14
2024-09-04,4.11
2024-09-05,4.01
2024-09-06,4.01
2024-09-09,4.07
2024-09-10,4.03
2024-09-11,4.07
2024-09-12,4.04
2024-09-13,4.07
2024-09-16,4.13
2024-09-17,4.17
2024-09-23,4.2
2024-09-24,4.24
2024-09-25,4.27
2024-09-26,4.38
2024-09-27,4.39
2024-09-30,4.51
2024-10-01,4.47
2024-10-02,4.4
2024-10-03,4.46
2024-10-04,4.51
2024-10-07,4.41
2024-10-08,4.44
2024-10-09,4.44
2024-10-10,4.35
2024-10-11,4.32
2024-10-14,4.35
2024-10-15,4.38
2024-10-16,4.32
2024-10-17,4.26
2024-10-18,4.27
2024-10-21,4.26
2024-10-22,4.31
2024-10-23,4.27
2024-10-24,4.28
2024-10-25,4.25
2024-10-28,4.25
2024-10-29,4.3
2024-10-30,4.26
2024-11-04,4.26
2024-11-05,4.28
2024-11-06,4.34
2024-11-07,4.35
2024-11-08,4.17
2024-11-11,4.32
2024-11-12,4.22
2024-11-13,4.17
2024-11-14,4.08
2024-11-15,4.04
2024-11-18,4.02
2024-11-19,4.03
2024-11-20,4.06
2024-11-21,4.07
2024-11-22,4.07
2024-11-25,4.03
2024-11-26,4.01
2024-11-27,4.05
2024-11-28,4.03
2024-11-29,4.04
2024-12-02,4.03
2024-12-03,4.03
2024-12-04,4.03
2024-12-05,4.09
2024-12-06,4.07
2024-12-09,4.07
2024-12-10,4.09
2024-12-11,4.14
2024-12-12,4.13
2024-12-13,4.12
2024-12-16,4.07
2024-12-17,4.06
2024-12-18,4.06
2024-12-19,4.02
2024-12-20,4.04
2024-12-23,3.98
2024-12-24,4.01
2024-12-26,3.99
2024-12-27,4.01
2024-12-30,4.01
2025-01-02,4.02
2025-01-03,3.92
2025-01-06,3.94
2025-01-07,3.98
2025-01-08,4.03
2025-01-09,4.03
2025-01-10,4.04
2025-01-13,4.07
2025-01-14,4.08
2025-01-15,4.07
2025-01-16,4.1
2025-01-17,4.11
2025-01-20,4.14
2025-01-21,4.12
2025-01-22,4.16
2025-01-23,4.16
2025-01-24,4.13
2025-01-27,4.14
2025-01-28,4.15
2025-01-29,4.07
2025-01-30,4.02
2025-01-31,4.06
2025-02-03,4.09
2025-02-04,4.05
2025-02-05,4.07
2025-02-06,4.09
2025-02-07,4.13
2025-02-10,4.15
2025-02-11,4.21
2025-02-12,4.23
2025-02-13,4.19
2025-02-14,4.24
2025-02-17,4.28
2025-02-18,4.3
2025-02-19,4.23
2025-02-20,4.26
2025-02-21,4.28
2025-02-24,4.32
2025-02-25,4.32
2025-02-26,4.3
2025-02-27,4.25
2025-02-28,4.29
2025-03-03,4.26
2025-03-04,4.24
2025-03-05,4.26
2025-03-06,4.23
2025-03-07,4.35
2025-03-10,4.42
2025-03-11,4.36
2025-03-12,4.31
2025-03-13,4.37
2025-03-14,4.42
2025-03-17,4.42
2025-03-18,4.41
2025-03-19,4.44
2025-03-20,4.47
2025-03-21,4.51
2025-03-24,4.48
2025-03-25,4.45
2025-03-26,4.5
2025-03-27,4.58
2025-03-28,4.48
2025-03-31,4.45
2025-04-01,4.42
2025-04-02,4.38
2025-04-03,4.38
2025-04-04,4.38
2025-04-07,4.23
2025-04-08,3.95
2025-04-09,3.94
2025-04-10,3.91
2025-04-11,3.89
2025-04-14,4.08
2025-04-15,4.17
2025-04-16,4.15
2025-04-17,4.14
2025-04-21,4.16
2025-04-22,4.16
2025-04-23,4.16
2025-04-24,4.24
2025-04-25,4.25
2025-04-28,4.26
2025-04-29,4.25
2025-04-30,4.27
2025-05-02,4.28
2025-05-05,4.19
2025-05-06,4.26
2025-05-07,4.26
2025-05-08,4.34
2025-05-09,4.28
2025-05-12,4.3
2025-05-13,4.31
2025-05-14,4.33
2025-05-15,4.36
2025-05-16,4.36
2025-05-19,4.36
2025-05-20,4.3
2025-05-22,4.33
2025-05-23,4.33
2025-05-26,4.32
2025-05-27,4.37
2025-05-28,4.37
2025-05-29,4.37
2025-05-30,4.36
2025-06-02,4.36
2025-06-03,4.33
2025-06-04,4.39
2025-06-05,4.39
2025-06-06,4.39
2025-06-09,4.46
2025-06-10,4.43
2025-06-11,4.49
2025-06-12,4.46
2025-06-13,4.4
2025-06-16,4.44
2025-06-17,4.41
2025-06-18,4.44
2025-06-19,4.44
2025-06-23,4.43
2025-06-24,4.49
2025-06-25,4.51
2025-06-26,4.45
2025-06-27,4.45
2025-06-30,4.64
2025-07-01,4.59
2025-07-02,4.56
2025-07-03,4.56
2025-07-04,4.59
2025-07-07,4.56
2025-07-08,4.52
2025-07-09,4.49
2025-07-10,4.46
2025-07-11,4.38
2025-07-14,4.4
2025-07-15,4.37
2025-07-17,4.34
2025-07-18,4.34
2025-07-21,4.36
2025-07-22,4.41
2025-07-23,4.44
2025-07-24,4.47
2025-07-25,4.48
2025-07-28,4.46
2025-07-29,4.41
2025-07-30,4.42
2025-07-31,4.42
2025-08-01,4.38
2025-08-04,4.34
2025-08-05,4.35
2025-08-06,4.37
2025-08-07,4.34
2025-08-08,4.36
2025-08-11,4.36
2025-08-12,4.4
2025-08-13,4.38
2025-08-14,4.42
2025-08-18,4.41
2025-08-19,4.39
2025-08-20,4.37
2025-08-21,4.35
2025-08-22,4.37
2025-08-25,4.37
2025-08-26,4.41
2025-08-27,4.41
2025-08-28,4.42
2025-08-29,4.38
2025-09-01,4.42
2025-09-02,4.46
2025-09-03,4.44
2025-09-04,4.5
2025-09-05,4.49
2025-09-08,4.46
2025-09-09,4.46
2025-09-10,4.46
2025-09-11,4.46
2025-09-12,4.52
2025-09-15,4.53
2025-09-16,4.53
2025-09-17,4.59
2025-09-22,4.57
2025-09-23,4.5
2025-09-24,4.49
2025-09-25,4.49
2025-09-26,4.67
2025-09-29,4.64
2025-09-30,4.6
2025-10-01,4.71
2025-10-02,4.64
2025-10-03,4.69
2025-10-06,4.74
2025-10-07,4.85
2025-10-08,4.81
2025-10-09,4.86
2025-10-10,4.83
2025-10-13,4.92
2025-10-14,4.76
2025-10-15,5.01
2025-10-16,4.82
2025-10-17,4.84
2025-10-20,4.82
2025-10-21,4.8
2025-10-22,4.84
2025-10-23,4.81
2025-10-24,4.83
2025-10-27,4.92
2025-10-28,4.96
2025-10-29,4.99
2025-10-30,5.0
2025-11-03,5.06
2025-11-04,4.93
2025-11-05,4.91
2025-11-06,4.82
2025-11-07,4.83
2025-11-10,4.83
2025-11-11,4.85
2025-11-12,4.89
2025-11-13,4.9
2025-11-14,4.96
2025-11-17,4.97
2025-11-18,4.92
2025-11-19,4.87
2025-11-20,4.85
2025-11-21,4.86
2025-11-24,4.86
2025-11-25,4.89
2025-11-26,4.9
2025-11-27,4.91
2025-11-28,4.98
2025-12-01,4.97
2025-12-02,5.1
2025-12-03,5.14
2025-12-04,5.09
2025-12-05,5.25
2025-12-09,5.22
2025-12-10,5.28
2025-12-11,5.21
2025-12-12,5.25
2025-12-15,5.4
2025-12-16,5.23
2025-12-17,5.28
2025-12-18,5.25
2025-12-19,5.32
2025-12-22,5.34
2025-12-23,5.39
2025-12-24,5.41
2025-12-26,5.48
2025-12-29,5.53
2025-12-30,5.53
2026-01-02,5.56
2026-01-05,5.65
2026-01-06,5.67
2026-01-07,5.91
2026-01-08,6.01
2026-01-09,5.86
2026-01-12,5.78
2026-01-13,5.91
2026-01-14,6.02
2026-01-15,6.01
2026-01-16,6.0
2026-01-19,5.96
2026-01-20,5.84
2026-01-21,5.91
2026-01-22,5.83
2026-01-23,5.8
2026-01-26,5.75
2026-01-27,5.92
2026-01-28,5.95
2026-01-29,5.86
2026-01-30,5.89
2026-02-02,6.13
2026-02-03,5.93
2026-02-04,5.82
2026-02-05,6.08
2026-02-06,5.88
2026-02-09,5.82
2026-02-10,5.86
2026-02-11,5.94
2026-02-12,5.91
2026-02-13,5.94
2026-02-16,5.8
2026-02-17,5.79
2026-02-18,5.78
2026-02-19,5.67
2026-02-20,5.81
2026-02-23,5.77
2026-02-24,5.84
2026-02-25,5.8
2026-02-26,5.93
2026-02-27,6.01
2026-03-02,6.0
2026-03-03,6.03
2026-03-04,5.91
2026-03-05,5.86
2026-03-06,5.91
2026-03-09,5.83
2026-03-10,5.81
2026-03-11,5.85
2026-03-12,5.92
2026-03-13,5.87
2026-03-16,5.85
2026-03-17,5.75
2026-03-18,5.78
2026-03-19,5.74
2026-03-20,5.57
2026-03-23,5.46
2026-03-24,5.37
2026-03-25,5.48
2026-03-26,5.45
2026-03-27,5.56
2026-03-30,5.48
2026-03-31,5.5
2026-04-01,5.51
2026-04-02,5.56
2026-04-06,5.6
2026-04-07,5.57
2026-04-08,5.57
2026-04-09,5.55
2026-04-10,5.72
2026-04-13,5.71
2026-04-14,5.81
2026-04-15,5.9
2026-04-16,6.01
2026-04-17,5.98
2026-04-20,5.99
2026-04-21,6.02
2026-04-22,5.99
2026-04-23,5.97
2026-04-24,6.07
2026-04-27,6.03
2026-04-28,6.01
2026-04-29,5.96
2026-04-30,5.87
2026-05-04,5.86
2026-05-05,5.86
2026-05-06,5.86
2026-05-07,5.92
2026-05-08,6.04
2026-05-11,6.05
2026-05-12,6.13
2026-05-13,6.3
2026-05-14,6.33
2026-05-15,6.4
2026-05-18,6.3
2026-05-19,6.13
2026-05-20,6.14
2026-05-22,6.05
2026-05-25,6.1
2026-05-26,6.18
2026-05-27,6.18
2026-05-28,6.15
2026-05-29,6.11
2026-06-01,6.19
2026-06-02,6.17
2026-06-03,6.26
2026-06-04,6.37
2026-06-05,6.26
2026-06-08,6.31
2026-06-09,6.12
2026-06-10,6.17
2026-06-11,6.16
2026-06-12,6.11
2026-06-15,6.1
2026-06-16,6.19
2026-06-17,6.2
2026-06-18,6.21
2026-06-19,6.24
2026-06-22,6.18
2026-06-23,6.14
2026-06-24,6.16
2026-06-25,6.03
2026-06-26,5.91
2026-06-30,6.0
2026-07-01,6.01
2026-07-02,6.06
2026-07-03,6.01
2026-07-06,6.03
2026-07-07,6.04
2026-07-08,6.05
2026-07-09,6.03
2026-07-10,5.94
2026-07-13,6.1
2026-07-14,6.09
2026-07-15,6.12
2026-07-17,6.17
2026-07-20,6.15
2026-07-21,6.12
2026-07-22,6.18
2026-07-23,6.3
2026-07-24,6.27
2026-07-27,6.17
2026-07-28,6.19
2026-07-29,6.25
2026-07-30,6.22
2026-07-31,6.17
2026-08-03,6.28
2026-08-04,6.28
2026-08-05,6.32
2026-08-06,6.43
2026-08-07,6.45
2026-08-10,6.45
2026-08-11,6.44
2026-08-12,6.5
2026-08-13,6.51
2026-08-14,6.48
2026-08-17,6.53
2026-08-18,6.61
2026-08-19,6.62
2026-08-20,6.46
2026-08-21,6.52
2026-08-24,6.4
2026-08-25,6.48
2026-08-26,6.51
2026-08-27,6.58
2026-08-28,6.56
2026-08-31,6.56
2026-09-01,6.55
2026-09-02,6.55
2026-09-03,6.53
2026-09-04,6.49
2026-09-07,6.53
2026-09-08,6.57
2026-09-09,6.62
2026-09-10,6.69
2026-09-11,6.72
2026-09-14,6.45
2026-09-15,6.45
2026-09-16,6.31
2026-09-17,6.36
2026-09-21,6.44
2026-09-22,6.6
2026-09-23,6.67
2026-09-24,6.72
2026-09-25,6.66
