origen,ETS,Estacional ingenuo,Meta 3%,Promedio 12 meses,SARIMA
2011-12-01,-7.447567,-2.882751,-1.395238,-2.885065,-2.107218
2012-01-01,-5.163836,-2.572897,-1.293735,-2.575536,-1.387653
2012-02-01,-5.528057,-3.084943,-1.597638,-3.087465,-2.232695
2012-03-01,-1.814266,-2.260594,-1.395238,-2.262125,-1.425787
2012-04-01,-0.841642,-2.662505,-2.004258,-2.664256,-2.317069
2012-05-01,0.136320,-2.249523,-2.004258,-2.251611,-2.065576
2012-06-01,3.923351,-0.822631,-1.092561,-0.826225,-0.991920
2012-07-01,3.992703,-0.414281,-0.786839,-0.418047,-0.890565
2012-08-01,2.391091,-0.414281,-0.786839,-0.418047,-0.899380
2012-09-01,-0.460400,-1.024837,-1.091044,-1.029902,-1.451810
2012-10-01,-3.171683,-1.633765,-1.597550,-1.639146,-1.878695
2012-11-01,1.208828,0.105267,-0.680342,0.097339,-0.417751
2012-12-01,0.060300,1.328814,-0.066424,1.321790,-0.426561
2013-01-01,-1.118017,1.227311,-0.066424,1.220267,-0.160807
2013-02-01,-0.196282,1.942537,0.344899,1.935881,0.173354
2013-03-01,1.156004,2.151870,0.756632,2.144846,0.634048
2013-04-01,6.549623,3.907947,1.903690,3.899094,2.304338
2013-05-01,6.131260,4.222658,2.218401,4.213805,2.072578
2013-06-01,2.680916,2.788007,1.695447,2.778813,1.523740
2013-07-01,2.483212,2.377903,1.591064,2.368745,1.604988
2013-08-01,2.761269,2.482285,1.695447,2.473127,1.657983
2013-09-01,3.263840,3.099015,2.007970,3.091337,1.965878
2013-10-01,4.767594,4.549648,2.952098,4.543080,3.030099
2013-11-01,1.396401,3.210320,2.529978,3.205577,2.174523
2013-12-01,-3.356624,1.547396,1.480972,1.542114,1.161449
2014-01-01,-2.249385,1.443124,1.376700,1.437842,1.303224
2014-02-01,-2.855012,0.927944,1.272842,0.922470,0.878095
2014-03-01,-2.732565,0.309320,1.065952,0.302557,0.782277
2014-04-01,-2.827779,-0.837738,1.065952,-0.841069,0.671480
2014-05-01,-1.593314,-1.256204,0.962197,-1.258720,0.791086
2014-06-01,1.306972,-0.317816,1.377631,-0.320603,1.268605
2014-07-01,2.360519,-0.005095,1.585969,-0.008013,1.390490
2014-08-01,2.374262,0.307615,2.003062,0.304828,1.791103
2014-09-01,0.877335,-0.317418,1.690553,-0.321005,1.310459
2014-10-01,-3.247430,-1.883469,1.068629,-1.888066,0.454731
2014-11-01,-1.423224,-1.461349,1.068629,-1.467047,1.022894
2014-12-01,1.527769,0.005603,1.486575,-0.003252,1.362839
2015-01-01,1.486669,0.527404,1.904104,0.518337,1.595577
2015-02-01,0.191617,0.526775,1.799617,0.517817,1.476120
2015-03-01,0.325622,0.525316,1.591268,0.517114,1.289614
2015-04-01,-1.033535,0.213414,1.279366,0.205212,0.825906
2015-05-01,0.084592,0.317169,1.279366,0.308893,1.127935
2015-06-01,-0.368873,-0.202025,1.175605,-0.210161,0.684045
2015-07-01,-0.292193,-0.617885,0.968084,-0.625898,0.660408
2015-08-01,-2.579616,-1.757695,0.245367,-1.766191,-0.358962
2015-09-01,-1.194214,-1.753381,-0.062828,-1.761062,-0.233647
2015-10-01,-1.270360,-1.336511,-0.267883,-1.342037,-0.736857
2015-11-01,-0.908818,-1.233779,-0.165150,-1.239305,-0.376996
2015-12-01,-1.487832,-1.857395,-0.370820,-1.860647,-0.766251
2016-01-01,-3.430663,-2.274924,-0.370820,-2.277841,-0.920197
2016-02-01,-3.082559,-2.272760,-0.473142,-2.275722,-0.804609
2016-03-01,-1.417917,-2.064411,-0.473142,-2.067125,-0.797395
2016-04-01,-1.138859,-1.854728,-0.575363,-1.857163,-0.943429
2016-05-01,-0.912711,-1.956949,-0.677583,-1.959383,-1.010169
2016-06-01,-1.946859,-2.668506,-1.492901,-2.670831,-1.906951
2016-07-01,-1.158802,-2.460985,-1.492901,-2.463374,-1.747949
2016-08-01,0.379676,-1.535253,-1.289887,-1.537240,-1.495558
2016-09-01,1.242495,-1.633087,-1.695915,-1.634773,-1.892901
2016-10-01,1.097527,-1.023625,-1.291507,-1.025172,-1.559932
2016-11-01,-0.474599,-1.126357,-1.291507,-1.127722,-1.620479
2016-12-01,-0.155933,-0.614950,-0.985771,-0.616979,-1.119817
2017-01-01,-2.733596,-0.614950,-0.985771,-0.616979,-1.575819
2017-02-01,-2.449097,-0.716249,-1.189392,-0.718237,-1.344743
2017-03-01,-1.545452,-0.919059,-1.392202,-0.921047,-1.732737
2017-04-01,-0.888406,-0.715434,-1.290797,-0.717374,-1.496209
2017-05-01,-0.256585,-0.409999,-1.087582,-0.411983,-1.321694
2017-06-01,3.511452,0.916928,-0.575973,0.913671,-0.407023
2017-07-01,2.622281,1.121367,-0.371534,1.118111,-0.712623
2017-08-01,1.874615,0.918353,-0.371534,0.915158,-0.453273
2017-09-01,5.093777,1.838552,0.142637,1.834863,0.311249
2017-10-01,1.833912,1.229089,-0.062418,1.224273,-0.546184
2017-11-01,0.519311,1.126255,-0.165253,1.121439,-0.186122
2017-12-01,-1.014710,0.615054,-0.370717,0.610848,-0.684406
2018-01-01,-3.245753,0.206579,-0.779192,0.202373,-1.112194
2018-02-01,-1.483366,0.410200,-0.779192,0.405884,-0.818016
2018-03-01,0.538279,0.919060,-0.473141,0.915073,-0.601274
2018-04-01,0.173395,0.817655,-0.473141,0.813550,-0.674202
2018-05-01,-0.110808,0.921101,-0.166481,0.916886,-0.374130
2018-06-01,0.666511,0.306761,-0.269212,0.304212,-0.323682
2018-07-01,-0.235104,-0.102321,-0.473855,-0.105063,-0.763595
2018-08-01,0.071837,-0.102321,-0.473855,-0.105063,-0.547098
2018-09-01,0.591510,-0.923150,-0.780513,-0.924940,-0.900953
2018-10-01,0.280088,-0.310846,-0.373264,-0.312122,-0.563432
2018-11-01,0.119728,-0.105384,-0.270637,-0.106852,-0.348583
2018-12-01,0.128501,0.305744,-0.064973,0.303819,-0.187113
2019-01-01,0.601290,1.228380,0.449188,1.226869,0.334712
2019-02-01,1.635766,1.642176,0.862985,1.640665,0.830077
2019-03-01,1.172870,1.129434,0.656292,1.127447,0.441907
2019-04-01,0.698602,0.819395,0.346254,0.817408,0.254500
2019-05-01,-1.805950,-0.206375,-0.372856,-0.209070,-0.740523
2019-06-01,-0.101420,-0.206271,-0.475483,-0.209147,-0.358304
2019-07-01,0.209380,-0.103948,-0.577803,-0.106648,-0.763704
2019-08-01,0.194986,-0.206166,-0.680020,-0.208866,-0.723024
2019-09-01,2.735938,0.714413,-0.066100,0.711580,0.074489
2019-10-01,-0.197638,0.205047,-0.168217,0.200574,-0.528557
2019-11-01,-0.821107,-0.103038,-0.373676,-0.107340,-0.271310
2019-12-01,-1.344767,-0.103655,-0.168628,-0.107486,-0.327220
2020-01-01,-2.990643,-0.515598,-0.066410,-0.519897,-0.305982
2020-02-01,-3.273425,-1.134442,-0.271457,-1.138344,-0.444018
2020-03-01,-1.243412,-0.825328,-0.169036,-0.829034,-0.216453
2020-04-01,0.811757,-0.103965,0.242288,-0.108085,0.281780
2020-05-01,2.539737,1.028526,0.655671,1.024463,0.771452
2020-06-01,3.731612,1.338672,0.863190,1.334344,0.971931
2020-07-01,4.371858,2.167308,1.589506,2.162929,1.685106
2020-08-01,4.466477,2.582981,1.902961,2.578559,2.026239
2020-09-01,3.721981,2.594725,2.528625,2.589766,2.370524
2020-10-01,2.513350,3.325612,3.157395,3.321181,3.071569
2020-11-01,3.855466,4.168652,3.794977,4.163769,3.946697
2020-12-01,2.602418,4.495983,4.327355,4.491140,4.115214
2021-01-01,1.087400,4.926671,4.860261,4.921403,4.666604
2021-02-01,2.475003,5.239363,4.967906,5.234242,4.968213
2021-03-01,5.418102,6.750008,6.580972,6.744758,6.459742
2021-04-01,6.437715,7.430128,7.672416,7.425063,7.522669
2021-05-01,7.566511,8.009818,8.665489,8.005491,8.552418
2021-06-01,9.539521,8.694731,9.557920,8.691033,9.496129
2021-07-01,8.068670,8.638402,10.227908,8.633925,9.742943
2021-08-01,9.168072,9.227162,11.130122,9.223102,10.990934
2021-09-01,6.400157,8.263167,10.791792,8.256117,10.045377
2021-10-01,2.722141,6.735745,9.893140,6.725359,9.259995
2021-11-01,3.607804,6.659821,10.454797,6.651441,9.868884
2021-12-01,1.307313,5.564671,9.892026,5.556362,8.952967
2022-01-01,-1.136289,4.585551,9.445812,4.575409,8.358079
2022-02-01,1.878949,4.029468,8.997374,4.019731,8.306056
2022-03-01,-3.102944,1.537129,8.118101,1.520081,6.316674
2022-04-01,-5.586483,-0.759738,6.912678,-0.777945,5.617111
2022-05-01,-6.856210,-2.947514,5.717975,-2.964517,4.031863
2022-06-01,-6.535627,-5.025176,4.532744,-5.038242,3.025436
2022-07-01,-8.723054,-6.755644,3.472264,-6.769341,1.366862
2022-08-01,-9.905734,-8.815166,2.314957,-8.826502,0.319494
2022-09-01,-7.468107,-8.685586,2.106205,-8.697043,0.189239
2022-10-01,-4.318438,-7.891518,2.001622,-7.904217,0.358130
2022-11-01,-7.181616,-8.765061,1.689736,-8.776220,-0.752083
2022-12-01,-6.530627,-9.037302,0.854723,-9.051116,-0.724705
2023-01-01,-6.861178,-8.694119,0.751693,-8.707879,-1.527338
2023-02-01,-2.323129,-7.518693,1.478682,-7.536240,-0.217883
2023-03-01,-4.401721,-7.362813,0.755288,-7.375164,-2.036512
2023-04-01,-2.344147,-5.950500,0.962178,-5.962580,-1.052489
2023-05-01,-0.310184,-4.548080,1.169895,-4.561172,-0.952645
2023-06-01,2.398167,-3.258471,1.274273,-3.274994,-0.576597
2023-07-01,1.926834,-1.886414,1.585850,-1.899284,-0.522332
2023-08-01,2.773392,-0.520144,1.794813,-0.530928,-0.002228
2023-09-01,0.846473,-0.935791,1.170414,-0.945775,-0.990687
2023-10-01,1.542783,-0.208675,1.792947,-0.218611,0.012057
2023-11-01,-2.037035,-0.417112,1.272624,-0.425609,-1.108100
2023-12-01,1.411054,0.732291,1.587014,0.720127,0.177245
2024-01-01,-0.356251,1.250761,2.002454,1.239059,-0.224643
2024-02-01,-1.935564,0.315020,1.793702,0.303875,-0.334256
2024-03-01,0.062203,1.142790,1.898078,1.134683,0.143617
2024-04-01,-0.512159,0.622771,1.584949,0.614476,-0.408143
2024-05-01,-0.242396,0.310783,1.480677,0.302747,-0.338343
2024-06-01,1.337843,-0.107352,1.166921,-0.114879,-0.567363
2024-07-01,-0.103173,-0.212043,1.373807,-0.220175,-0.693204
2024-08-01,-0.097943,-0.733190,1.061622,-0.740957,-0.761731
2024-09-01,2.285138,0.203081,1.373495,0.195565,-0.266111
2024-10-01,-1.608084,-1.452853,0.340094,-1.462485,-1.793749
2024-11-01,-1.515972,-0.829396,0.443228,-0.838573,-1.151645
2024-12-01,-0.445361,-1.143786,0.443228,-1.150754,-1.200645
