fecha,codigo_serie,nombre,valor
2025-08-01,SBIF_CONT_EPLME_ACTIV_CHV_MM$_AGIFI_BBTGP_STO_MONT,Banco BTG Pactual Chile,0.0
2025-09-01,SBIF_CONT_EPLME_ACTIV_CHV_MM$_AGIFI_BBTGP_STO_MONT,Banco BTG Pactual Chile,0.0
2025-10-01,SBIF_CONT_EPLME_ACTIV_CHV_MM$_AGIFI_BBTGP_STO_MONT,Banco BTG Pactual Chile,0.0
2025-11-01,SBIF_CONT_EPLME_ACTIV_CHV_MM$_AGIFI_BBTGP_STO_MONT,Banco BTG Pactual Chile,0.0
2025-12-01,SBIF_CONT_EPLME_ACTIV_CHV_MM$_AGIFI_BBTGP_STO_MONT,Banco BTG Pactual Chile,0.0
2026-01-01,SBIF_CONT_EPLME_ACTIV_CHV_MM$_AGIFI_BBTGP_STO_MONT,Banco BTG Pactual Chile,0.0
2026-02-01,SBIF_CONT_EPLME_ACTIV_CHV_MM$_AGIFI_BBTGP_STO_MONT,Banco BTG Pactual Chile,0.0
2026-03-01,SBIF_CONT_EPLME_ACTIV_CHV_MM$_AGIFI_BBTGP_STO_MONT,Banco BTG Pactual Chile,0.0
2026-04-01,SBIF_CONT_EPLME_ACTIV_CHV_MM$_AGIFI_BBTGP_STO_MONT,Banco BTG Pactual Chile,0.0
2026-05-01,SBIF_CONT_EPLME_ACTIV_CHV_MM$_AGIFI_BBTGP_STO_MONT,Banco BTG Pactual Chile,0.0
2026-06-01,SBIF_CONT_EPLME_ACTIV_CHV_MM$_AGIFI_BBTGP_STO_MONT,Banco BTG Pactual Chile,0.0
2026-07-01,SBIF_CONT_EPLME_ACTIV_CHV_MM$_AGIFI_BBTGP_STO_MONT,Banco BTG Pactual Chile,0.0
2025-08-01,SBIF_CONT_EPLME_ACTIV_CHV_MM$_AGIFI_BCHI_STO_MONT,Banco de Chile,13801894.0
2025-09-01,SBIF_CONT_EPLME_ACTIV_CHV_MM$_AGIFI_BCHI_STO_MONT,Banco de Chile,13845219.0
2025-10-01,SBIF_CONT_EPLME_ACTIV_CHV_MM$_AGIFI_BCHI_STO_MONT,Banco de Chile,13871132.0
2025-11-01,SBIF_CONT_EPLME_ACTIV_CHV_MM$_AGIFI_BCHI_STO_MONT,Banco de Chile,13885485.0
2025-12-01,SBIF_CONT_EPLME_ACTIV_CHV_MM$_AGIFI_BCHI_STO_MONT,Banco de Chile,13916617.0
2026-01-01,SBIF_CONT_EPLME_ACTIV_CHV_MM$_AGIFI_BCHI_STO_MONT,Banco de Chile,13903956.0
2026-02-01,SBIF_CONT_EPLME_ACTIV_CHV_MM$_AGIFI_BCHI_STO_MONT,Banco de Chile,13915310.0
2026-03-01,SBIF_CONT_EPLME_ACTIV_CHV_MM$_AGIFI_BCHI_STO_MONT,Banco de Chile,13925980.0
2026-04-01,SBIF_CONT_EPLME_ACTIV_CHV_MM$_AGIFI_BCHI_STO_MONT,Banco de Chile,13990684.0
2026-05-01,SBIF_CONT_EPLME_ACTIV_CHV_MM$_AGIFI_BCHI_STO_MONT,Banco de Chile,14137231.0
2026-06-01,SBIF_CONT_EPLME_ACTIV_CHV_MM$_AGIFI_BCHI_STO_MONT,Banco de Chile,14179917.0
2026-07-01,SBIF_CONT_EPLME_ACTIV_CHV_MM$_AGIFI_BCHI_STO_MONT,Banco de Chile,14161939.0
2025-08-01,SBIF_CONT_EPLME_ACTIV_CHV_MM$_AGIFI_BCI_STO_MONT,Banco de Credito e Inversiones,11559856.0
2025-09-01,SBIF_CONT_EPLME_ACTIV_CHV_MM$_AGIFI_BCI_STO_MONT,Banco de Credito e Inversiones,11608949.0
2025-10-01,SBIF_CONT_EPLME_ACTIV_CHV_MM$_AGIFI_BCI_STO_MONT,Banco de Credito e Inversiones,11662967.0
2025-11-01,SBIF_CONT_EPLME_ACTIV_CHV_MM$_AGIFI_BCI_STO_MONT,Banco de Credito e Inversiones,11703053.0
2025-12-01,SBIF_CONT_EPLME_ACTIV_CHV_MM$_AGIFI_BCI_STO_MONT,Banco de Credito e Inversiones,11757793.0
2026-01-01,SBIF_CONT_EPLME_ACTIV_CHV_MM$_AGIFI_BCI_STO_MONT,Banco de Credito e Inversiones,11768560.0
2026-02-01,SBIF_CONT_EPLME_ACTIV_CHV_MM$_AGIFI_BCI_STO_MONT,Banco de Credito e Inversiones,11807673.0
2026-03-01,SBIF_CONT_EPLME_ACTIV_CHV_MM$_AGIFI_BCI_STO_MONT,Banco de Credito e Inversiones,11840517.0
2026-04-01,SBIF_CONT_EPLME_ACTIV_CHV_MM$_AGIFI_BCI_STO_MONT,Banco de Credito e Inversiones,11934452.0
2026-05-01,SBIF_CONT_EPLME_ACTIV_CHV_MM$_AGIFI_BCI_STO_MONT,Banco de Credito e Inversiones,12088327.0
2026-06-01,SBIF_CONT_EPLME_ACTIV_CHV_MM$_AGIFI_BCI_STO_MONT,Banco de Credito e Inversiones,12174844.0
2026-07-01,SBIF_CONT_EPLME_ACTIV_CHV_MM$_AGIFI_BCI_STO_MONT,Banco de Credito e Inversiones,12207279.0
2025-08-01,SBIF_CONT_EPLME_ACTIV_CHV_MM$_AGIFI_BCON_STO_MONT,Banco Consorcio,1724661.0
2025-09-01,SBIF_CONT_EPLME_ACTIV_CHV_MM$_AGIFI_BCON_STO_MONT,Banco Consorcio,1757974.0
2025-10-01,SBIF_CONT_EPLME_ACTIV_CHV_MM$_AGIFI_BCON_STO_MONT,Banco Consorcio,1787138.0
2025-11-01,SBIF_CONT_EPLME_ACTIV_CHV_MM$_AGIFI_BCON_STO_MONT,Banco Consorcio,1725422.0
2025-12-01,SBIF_CONT_EPLME_ACTIV_CHV_MM$_AGIFI_BCON_STO_MONT,Banco Consorcio,1710666.0
2026-01-01,SBIF_CONT_EPLME_ACTIV_CHV_MM$_AGIFI_BCON_STO_MONT,Banco Consorcio,1734029.0
2026-02-01,SBIF_CONT_EPLME_ACTIV_CHV_MM$_AGIFI_BCON_STO_MONT,Banco Consorcio,1761022.0
2026-03-01,SBIF_CONT_EPLME_ACTIV_CHV_MM$_AGIFI_BCON_STO_MONT,Banco Consorcio,1790922.0
2026-04-01,SBIF_CONT_EPLME_ACTIV_CHV_MM$_AGIFI_BCON_STO_MONT,Banco Consorcio,1829492.0
2026-05-01,SBIF_CONT_EPLME_ACTIV_CHV_MM$_AGIFI_BCON_STO_MONT,Banco Consorcio,1877829.0
2026-06-01,SBIF_CONT_EPLME_ACTIV_CHV_MM$_AGIFI_BCON_STO_MONT,Banco Consorcio,1906116.0
2026-07-01,SBIF_CONT_EPLME_ACTIV_CHV_MM$_AGIFI_BCON_STO_MONT,Banco Consorcio,1932405.0
2025-08-01,SBIF_CONT_EPLME_ACTIV_CHV_MM$_AGIFI_BECH_STO_MONT,Banco del Estado de Chile,17238466.0
2025-09-01,SBIF_CONT_EPLME_ACTIV_CHV_MM$_AGIFI_BECH_STO_MONT,Banco del Estado de Chile,17452052.0
2025-10-01,SBIF_CONT_EPLME_ACTIV_CHV_MM$_AGIFI_BECH_STO_MONT,Banco del Estado de Chile,17577477.0
2025-11-01,SBIF_CONT_EPLME_ACTIV_CHV_MM$_AGIFI_BECH_STO_MONT,Banco del Estado de Chile,17682943.0
2025-12-01,SBIF_CONT_EPLME_ACTIV_CHV_MM$_AGIFI_BECH_STO_MONT,Banco del Estado de Chile,17854971.0
2026-01-01,SBIF_CONT_EPLME_ACTIV_CHV_MM$_AGIFI_BECH_STO_MONT,Banco del Estado de Chile,17926326.0
2026-02-01,SBIF_CONT_EPLME_ACTIV_CHV_MM$_AGIFI_BECH_STO_MONT,Banco del Estado de Chile,18034747.0
2026-03-01,SBIF_CONT_EPLME_ACTIV_CHV_MM$_AGIFI_BECH_STO_MONT,Banco del Estado de Chile,18150171.0
2026-04-01,SBIF_CONT_EPLME_ACTIV_CHV_MM$_AGIFI_BECH_STO_MONT,Banco del Estado de Chile,18323170.0
2026-05-01,SBIF_CONT_EPLME_ACTIV_CHV_MM$_AGIFI_BECH_STO_MONT,Banco del Estado de Chile,18595267.0
2026-06-01,SBIF_CONT_EPLME_ACTIV_CHV_MM$_AGIFI_BECH_STO_MONT,Banco del Estado de Chile,18732139.0
2026-07-01,SBIF_CONT_EPLME_ACTIV_CHV_MM$_AGIFI_BECH_STO_MONT,Banco del Estado de Chile,18811204.0
2025-08-01,SBIF_CONT_EPLME_ACTIV_CHV_MM$_AGIFI_BFALA_STO_MONT,Banco Falabella,686965.0
2025-09-01,SBIF_CONT_EPLME_ACTIV_CHV_MM$_AGIFI_BFALA_STO_MONT,Banco Falabella,692669.0
2025-10-01,SBIF_CONT_EPLME_ACTIV_CHV_MM$_AGIFI_BFALA_STO_MONT,Banco Falabella,697577.0
2025-11-01,SBIF_CONT_EPLME_ACTIV_CHV_MM$_AGIFI_BFALA_STO_MONT,Banco Falabella,705512.0
2025-12-01,SBIF_CONT_EPLME_ACTIV_CHV_MM$_AGIFI_BFALA_STO_MONT,Banco Falabella,715703.0
2026-01-01,SBIF_CONT_EPLME_ACTIV_CHV_MM$_AGIFI_BFALA_STO_MONT,Banco Falabella,726577.0
2026-02-01,SBIF_CONT_EPLME_ACTIV_CHV_MM$_AGIFI_BFALA_STO_MONT,Banco Falabella,735977.0
2026-03-01,SBIF_CONT_EPLME_ACTIV_CHV_MM$_AGIFI_BFALA_STO_MONT,Banco Falabella,742740.0
2026-04-01,SBIF_CONT_EPLME_ACTIV_CHV_MM$_AGIFI_BFALA_STO_MONT,Banco Falabella,754057.0
2026-05-01,SBIF_CONT_EPLME_ACTIV_CHV_MM$_AGIFI_BFALA_STO_MONT,Banco Falabella,774387.0
2026-06-01,SBIF_CONT_EPLME_ACTIV_CHV_MM$_AGIFI_BFALA_STO_MONT,Banco Falabella,788596.0
2026-07-01,SBIF_CONT_EPLME_ACTIV_CHV_MM$_AGIFI_BFALA_STO_MONT,Banco Falabella,802577.0
2025-08-01,SBIF_CONT_EPLME_ACTIV_CHV_MM$_AGIFI_BICE_STO_MONT,Banco Bice,2029074.0
2025-09-01,SBIF_CONT_EPLME_ACTIV_CHV_MM$_AGIFI_BICE_STO_MONT,Banco Bice,2038697.0
2025-10-01,SBIF_CONT_EPLME_ACTIV_CHV_MM$_AGIFI_BICE_STO_MONT,Banco Bice,2041738.0
2025-11-01,SBIF_CONT_EPLME_ACTIV_CHV_MM$_AGIFI_BICE_STO_MONT,Banco Bice,3455693.0
2025-12-01,SBIF_CONT_EPLME_ACTIV_CHV_MM$_AGIFI_BICE_STO_MONT,Banco Bice,3472819.0
2026-01-01,SBIF_CONT_EPLME_ACTIV_CHV_MM$_AGIFI_BICE_STO_MONT,Banco Bice,3477756.0
2026-02-01,SBIF_CONT_EPLME_ACTIV_CHV_MM$_AGIFI_BICE_STO_MONT,Banco Bice,3491955.0
2026-03-01,SBIF_CONT_EPLME_ACTIV_CHV_MM$_AGIFI_BICE_STO_MONT,Banco Bice,3503314.0
2026-04-01,SBIF_CONT_EPLME_ACTIV_CHV_MM$_AGIFI_BICE_STO_MONT,Banco Bice,3534494.0
2026-05-01,SBIF_CONT_EPLME_ACTIV_CHV_MM$_AGIFI_BICE_STO_MONT,Banco Bice,3584194.0
2026-06-01,SBIF_CONT_EPLME_ACTIV_CHV_MM$_AGIFI_BICE_STO_MONT,Banco Bice,3604651.0
2026-07-01,SBIF_CONT_EPLME_ACTIV_CHV_MM$_AGIFI_BICE_STO_MONT,Banco Bice,3612166.0
2025-08-01,SBIF_CONT_EPLME_ACTIV_CHV_MM$_AGIFI_BINTE_STO_MONT,Banco Internacional,142683.0
2025-09-01,SBIF_CONT_EPLME_ACTIV_CHV_MM$_AGIFI_BINTE_STO_MONT,Banco Internacional,148347.0
2025-10-01,SBIF_CONT_EPLME_ACTIV_CHV_MM$_AGIFI_BINTE_STO_MONT,Banco Internacional,154090.0
2025-11-01,SBIF_CONT_EPLME_ACTIV_CHV_MM$_AGIFI_BINTE_STO_MONT,Banco Internacional,161515.0
2025-12-01,SBIF_CONT_EPLME_ACTIV_CHV_MM$_AGIFI_BINTE_STO_MONT,Banco Internacional,169195.0
2026-01-01,SBIF_CONT_EPLME_ACTIV_CHV_MM$_AGIFI_BINTE_STO_MONT,Banco Internacional,173836.0
2026-02-01,SBIF_CONT_EPLME_ACTIV_CHV_MM$_AGIFI_BINTE_STO_MONT,Banco Internacional,179329.0
2026-03-01,SBIF_CONT_EPLME_ACTIV_CHV_MM$_AGIFI_BINTE_STO_MONT,Banco Internacional,188262.0
2026-04-01,SBIF_CONT_EPLME_ACTIV_CHV_MM$_AGIFI_BINTE_STO_MONT,Banco Internacional,194240.0
2026-05-01,SBIF_CONT_EPLME_ACTIV_CHV_MM$_AGIFI_BINTE_STO_MONT,Banco Internacional,200385.0
2026-06-01,SBIF_CONT_EPLME_ACTIV_CHV_MM$_AGIFI_BINTE_STO_MONT,Banco Internacional,205733.0
2026-07-01,SBIF_CONT_EPLME_ACTIV_CHV_MM$_AGIFI_BINTE_STO_MONT,Banco Internacional,214506.0
2025-08-01,SBIF_CONT_EPLME_ACTIV_CHV_MM$_AGIFI_BITAUCORP_STO_MONT,Banco Itaú Chile,7542660.0
2025-09-01,SBIF_CONT_EPLME_ACTIV_CHV_MM$_AGIFI_BITAUCORP_STO_MONT,Banco Itaú Chile,7612092.0
2025-10-01,SBIF_CONT_EPLME_ACTIV_CHV_MM$_AGIFI_BITAUCORP_STO_MONT,Banco Itaú Chile,7684513.0
2025-11-01,SBIF_CONT_EPLME_ACTIV_CHV_MM$_AGIFI_BITAUCORP_STO_MONT,Banco Itaú Chile,7764321.0
2025-12-01,SBIF_CONT_EPLME_ACTIV_CHV_MM$_AGIFI_BITAUCORP_STO_MONT,Banco Itaú Chile,7854109.0
2026-01-01,SBIF_CONT_EPLME_ACTIV_CHV_MM$_AGIFI_BITAUCORP_STO_MONT,Banco Itaú Chile,7914902.0
2026-02-01,SBIF_CONT_EPLME_ACTIV_CHV_MM$_AGIFI_BITAUCORP_STO_MONT,Banco Itaú Chile,7980398.0
2026-03-01,SBIF_CONT_EPLME_ACTIV_CHV_MM$_AGIFI_BITAUCORP_STO_MONT,Banco Itaú Chile,8066085.0
2026-04-01,SBIF_CONT_EPLME_ACTIV_CHV_MM$_AGIFI_BITAUCORP_STO_MONT,Banco Itaú Chile,8167652.0
2026-05-01,SBIF_CONT_EPLME_ACTIV_CHV_MM$_AGIFI_BITAUCORP_STO_MONT,Banco Itaú Chile,8321273.0
2026-06-01,SBIF_CONT_EPLME_ACTIV_CHV_MM$_AGIFI_BITAUCORP_STO_MONT,Banco Itaú Chile,8411272.0
2026-07-01,SBIF_CONT_EPLME_ACTIV_CHV_MM$_AGIFI_BITAUCORP_STO_MONT,Banco Itaú Chile,8469368.0
2025-08-01,SBIF_CONT_EPLME_ACTIV_CHV_MM$_AGIFI_BKCH_STO_MONT,Bank of China,0.0
2025-09-01,SBIF_CONT_EPLME_ACTIV_CHV_MM$_AGIFI_BKCH_STO_MONT,Bank of China,0.0
2025-10-01,SBIF_CONT_EPLME_ACTIV_CHV_MM$_AGIFI_BKCH_STO_MONT,Bank of China,0.0
2025-11-01,SBIF_CONT_EPLME_ACTIV_CHV_MM$_AGIFI_BKCH_STO_MONT,Bank of China,0.0
2025-12-01,SBIF_CONT_EPLME_ACTIV_CHV_MM$_AGIFI_BKCH_STO_MONT,Bank of China,0.0
2026-01-01,SBIF_CONT_EPLME_ACTIV_CHV_MM$_AGIFI_BKCH_STO_MONT,Bank of China,0.0
2026-02-01,SBIF_CONT_EPLME_ACTIV_CHV_MM$_AGIFI_BKCH_STO_MONT,Bank of China,0.0
2026-03-01,SBIF_CONT_EPLME_ACTIV_CHV_MM$_AGIFI_BKCH_STO_MONT,Bank of China,0.0
2026-04-01,SBIF_CONT_EPLME_ACTIV_CHV_MM$_AGIFI_BKCH_STO_MONT,Bank of China,0.0
2026-05-01,SBIF_CONT_EPLME_ACTIV_CHV_MM$_AGIFI_BKCH_STO_MONT,Bank of China,0.0
2026-06-01,SBIF_CONT_EPLME_ACTIV_CHV_MM$_AGIFI_BKCH_STO_MONT,Bank of China,0.0
2026-07-01,SBIF_CONT_EPLME_ACTIV_CHV_MM$_AGIFI_BKCH_STO_MONT,Bank of China,0.0
2025-08-01,SBIF_CONT_EPLME_ACTIV_CHV_MM$_AGIFI_BRIPL_STO_MONT,Banco Ripley,10572.0
2025-09-01,SBIF_CONT_EPLME_ACTIV_CHV_MM$_AGIFI_BRIPL_STO_MONT,Banco Ripley,10377.0
2025-10-01,SBIF_CONT_EPLME_ACTIV_CHV_MM$_AGIFI_BRIPL_STO_MONT,Banco Ripley,10178.0
2025-11-01,SBIF_CONT_EPLME_ACTIV_CHV_MM$_AGIFI_BRIPL_STO_MONT,Banco Ripley,9957.0
2025-12-01,SBIF_CONT_EPLME_ACTIV_CHV_MM$_AGIFI_BRIPL_STO_MONT,Banco Ripley,9781.0
2026-01-01,SBIF_CONT_EPLME_ACTIV_CHV_MM$_AGIFI_BRIPL_STO_MONT,Banco Ripley,9600.0
2026-02-01,SBIF_CONT_EPLME_ACTIV_CHV_MM$_AGIFI_BRIPL_STO_MONT,Banco Ripley,9394.0
2026-03-01,SBIF_CONT_EPLME_ACTIV_CHV_MM$_AGIFI_BRIPL_STO_MONT,Banco Ripley,9247.0
2026-04-01,SBIF_CONT_EPLME_ACTIV_CHV_MM$_AGIFI_BRIPL_STO_MONT,Banco Ripley,9045.0
2026-05-01,SBIF_CONT_EPLME_ACTIV_CHV_MM$_AGIFI_BRIPL_STO_MONT,Banco Ripley,8898.0
2026-06-01,SBIF_CONT_EPLME_ACTIV_CHV_MM$_AGIFI_BRIPL_STO_MONT,Banco Ripley,8742.0
2026-07-01,SBIF_CONT_EPLME_ACTIV_CHV_MM$_AGIFI_BRIPL_STO_MONT,Banco Ripley,8545.0
2025-08-01,SBIF_CONT_EPLME_ACTIV_CHV_MM$_AGIFI_BSANT_STO_MONT,Banco Santander-Chile,17452298.0
2025-09-01,SBIF_CONT_EPLME_ACTIV_CHV_MM$_AGIFI_BSANT_STO_MONT,Banco Santander-Chile,17454305.0
2025-10-01,SBIF_CONT_EPLME_ACTIV_CHV_MM$_AGIFI_BSANT_STO_MONT,Banco Santander-Chile,17464475.0
2025-11-01,SBIF_CONT_EPLME_ACTIV_CHV_MM$_AGIFI_BSANT_STO_MONT,Banco Santander-Chile,17449059.0
2025-12-01,SBIF_CONT_EPLME_ACTIV_CHV_MM$_AGIFI_BSANT_STO_MONT,Banco Santander-Chile,17443562.0
2026-01-01,SBIF_CONT_EPLME_ACTIV_CHV_MM$_AGIFI_BSANT_STO_MONT,Banco Santander-Chile,17377225.0
2026-02-01,SBIF_CONT_EPLME_ACTIV_CHV_MM$_AGIFI_BSANT_STO_MONT,Banco Santander-Chile,17369675.0
2026-03-01,SBIF_CONT_EPLME_ACTIV_CHV_MM$_AGIFI_BSANT_STO_MONT,Banco Santander-Chile,17353554.0
2026-04-01,SBIF_CONT_EPLME_ACTIV_CHV_MM$_AGIFI_BSANT_STO_MONT,Banco Santander-Chile,17445077.0
2026-05-01,SBIF_CONT_EPLME_ACTIV_CHV_MM$_AGIFI_BSANT_STO_MONT,Banco Santander-Chile,17629986.0
2026-06-01,SBIF_CONT_EPLME_ACTIV_CHV_MM$_AGIFI_BSANT_STO_MONT,Banco Santander-Chile,17696109.0
2026-07-01,SBIF_CONT_EPLME_ACTIV_CHV_MM$_AGIFI_BSANT_STO_MONT,Banco Santander-Chile,17686094.0
2025-08-01,SBIF_CONT_EPLME_ACTIV_CHV_MM$_AGIFI_BSCOT_STO_MONT,Scotiabank Chile,14448704.0
2025-09-01,SBIF_CONT_EPLME_ACTIV_CHV_MM$_AGIFI_BSCOT_STO_MONT,Scotiabank Chile,14469707.0
2025-10-01,SBIF_CONT_EPLME_ACTIV_CHV_MM$_AGIFI_BSCOT_STO_MONT,Scotiabank Chile,14512279.0
2025-11-01,SBIF_CONT_EPLME_ACTIV_CHV_MM$_AGIFI_BSCOT_STO_MONT,Scotiabank Chile,14523673.0
2025-12-01,SBIF_CONT_EPLME_ACTIV_CHV_MM$_AGIFI_BSCOT_STO_MONT,Scotiabank Chile,14542487.0
2026-01-01,SBIF_CONT_EPLME_ACTIV_CHV_MM$_AGIFI_BSCOT_STO_MONT,Scotiabank Chile,14521322.0
2026-02-01,SBIF_CONT_EPLME_ACTIV_CHV_MM$_AGIFI_BSCOT_STO_MONT,Scotiabank Chile,14517807.0
2026-03-01,SBIF_CONT_EPLME_ACTIV_CHV_MM$_AGIFI_BSCOT_STO_MONT,Scotiabank Chile,14503927.0
2026-04-01,SBIF_CONT_EPLME_ACTIV_CHV_MM$_AGIFI_BSCOT_STO_MONT,Scotiabank Chile,14583387.0
2026-05-01,SBIF_CONT_EPLME_ACTIV_CHV_MM$_AGIFI_BSCOT_STO_MONT,Scotiabank Chile,14727316.0
2026-06-01,SBIF_CONT_EPLME_ACTIV_CHV_MM$_AGIFI_BSCOT_STO_MONT,Scotiabank Chile,14767915.0
2026-07-01,SBIF_CONT_EPLME_ACTIV_CHV_MM$_AGIFI_BSCOT_STO_MONT,Scotiabank Chile,14756754.0
2025-08-01,SBIF_CONT_EPLME_ACTIV_CHV_MM$_AGIFI_BSEC_STO_MONT,Banco Security,1374287.0
2025-09-01,SBIF_CONT_EPLME_ACTIV_CHV_MM$_AGIFI_BSEC_STO_MONT,Banco Security,1385863.0
2025-10-01,SBIF_CONT_EPLME_ACTIV_CHV_MM$_AGIFI_BSEC_STO_MONT,Banco Security,1400733.0
2025-08-01,SBIF_CONT_EPLME_ACTIV_CHV_MM$_AGIFI_CHCONBANK_STO_MONT,China Construction Bank,0.0
2025-09-01,SBIF_CONT_EPLME_ACTIV_CHV_MM$_AGIFI_CHCONBANK_STO_MONT,China Construction Bank,0.0
2025-10-01,SBIF_CONT_EPLME_ACTIV_CHV_MM$_AGIFI_CHCONBANK_STO_MONT,China Construction Bank,0.0
2025-11-01,SBIF_CONT_EPLME_ACTIV_CHV_MM$_AGIFI_CHCONBANK_STO_MONT,China Construction Bank,0.0
2025-12-01,SBIF_CONT_EPLME_ACTIV_CHV_MM$_AGIFI_CHCONBANK_STO_MONT,China Construction Bank,0.0
2026-01-01,SBIF_CONT_EPLME_ACTIV_CHV_MM$_AGIFI_CHCONBANK_STO_MONT,China Construction Bank,0.0
2026-02-01,SBIF_CONT_EPLME_ACTIV_CHV_MM$_AGIFI_CHCONBANK_STO_MONT,China Construction Bank,0.0
2026-03-01,SBIF_CONT_EPLME_ACTIV_CHV_MM$_AGIFI_CHCONBANK_STO_MONT,China Construction Bank,0.0
2026-04-01,SBIF_CONT_EPLME_ACTIV_CHV_MM$_AGIFI_CHCONBANK_STO_MONT,China Construction Bank,0.0
2026-05-01,SBIF_CONT_EPLME_ACTIV_CHV_MM$_AGIFI_CHCONBANK_STO_MONT,China Construction Bank,0.0
2026-06-01,SBIF_CONT_EPLME_ACTIV_CHV_MM$_AGIFI_CHCONBANK_STO_MONT,China Construction Bank,0.0
2026-07-01,SBIF_CONT_EPLME_ACTIV_CHV_MM$_AGIFI_CHCONBANK_STO_MONT,China Construction Bank,0.0
2025-08-01,SBIF_CONT_EPLME_ACTIV_CHV_MM$_AGIFI_HSBC_STO_MONT,Hsbc Bank (Chile),0.0
2025-09-01,SBIF_CONT_EPLME_ACTIV_CHV_MM$_AGIFI_HSBC_STO_MONT,Hsbc Bank (Chile),0.0
2025-10-01,SBIF_CONT_EPLME_ACTIV_CHV_MM$_AGIFI_HSBC_STO_MONT,Hsbc Bank (Chile),0.0
2025-11-01,SBIF_CONT_EPLME_ACTIV_CHV_MM$_AGIFI_HSBC_STO_MONT,Hsbc Bank (Chile),0.0
2025-12-01,SBIF_CONT_EPLME_ACTIV_CHV_MM$_AGIFI_HSBC_STO_MONT,Hsbc Bank (Chile),0.0
2026-01-01,SBIF_CONT_EPLME_ACTIV_CHV_MM$_AGIFI_HSBC_STO_MONT,Hsbc Bank (Chile),0.0
2026-02-01,SBIF_CONT_EPLME_ACTIV_CHV_MM$_AGIFI_HSBC_STO_MONT,Hsbc Bank (Chile),0.0
2026-03-01,SBIF_CONT_EPLME_ACTIV_CHV_MM$_AGIFI_HSBC_STO_MONT,Hsbc Bank (Chile),0.0
2026-04-01,SBIF_CONT_EPLME_ACTIV_CHV_MM$_AGIFI_HSBC_STO_MONT,Hsbc Bank (Chile),0.0
2026-05-01,SBIF_CONT_EPLME_ACTIV_CHV_MM$_AGIFI_HSBC_STO_MONT,Hsbc Bank (Chile),0.0
2026-06-01,SBIF_CONT_EPLME_ACTIV_CHV_MM$_AGIFI_HSBC_STO_MONT,Hsbc Bank (Chile),0.0
2026-07-01,SBIF_CONT_EPLME_ACTIV_CHV_MM$_AGIFI_HSBC_STO_MONT,Hsbc Bank (Chile),0.0
2025-08-01,SBIF_CONT_EPLME_ACTIV_CHV_MM$_AGIFI_JPMGC_STO_MONT,Jp Morgan Chase Bank. N. A.,0.0
2025-09-01,SBIF_CONT_EPLME_ACTIV_CHV_MM$_AGIFI_JPMGC_STO_MONT,Jp Morgan Chase Bank. N. A.,0.0
2025-10-01,SBIF_CONT_EPLME_ACTIV_CHV_MM$_AGIFI_JPMGC_STO_MONT,Jp Morgan Chase Bank. N. A.,0.0
2025-11-01,SBIF_CONT_EPLME_ACTIV_CHV_MM$_AGIFI_JPMGC_STO_MONT,Jp Morgan Chase Bank. N. A.,0.0
2025-12-01,SBIF_CONT_EPLME_ACTIV_CHV_MM$_AGIFI_JPMGC_STO_MONT,Jp Morgan Chase Bank. N. A.,0.0
2026-01-01,SBIF_CONT_EPLME_ACTIV_CHV_MM$_AGIFI_JPMGC_STO_MONT,Jp Morgan Chase Bank. N. A.,0.0
2026-02-01,SBIF_CONT_EPLME_ACTIV_CHV_MM$_AGIFI_JPMGC_STO_MONT,Jp Morgan Chase Bank. N. A.,0.0
2026-03-01,SBIF_CONT_EPLME_ACTIV_CHV_MM$_AGIFI_JPMGC_STO_MONT,Jp Morgan Chase Bank. N. A.,0.0
2026-04-01,SBIF_CONT_EPLME_ACTIV_CHV_MM$_AGIFI_JPMGC_STO_MONT,Jp Morgan Chase Bank. N. A.,0.0
2026-05-01,SBIF_CONT_EPLME_ACTIV_CHV_MM$_AGIFI_JPMGC_STO_MONT,Jp Morgan Chase Bank. N. A.,0.0
2026-06-01,SBIF_CONT_EPLME_ACTIV_CHV_MM$_AGIFI_JPMGC_STO_MONT,Jp Morgan Chase Bank. N. A.,0.0
2026-07-01,SBIF_CONT_EPLME_ACTIV_CHV_MM$_AGIFI_JPMGC_STO_MONT,Jp Morgan Chase Bank. N. A.,0.0
2025-10-01,SBIF_CONT_EPLME_ACTIV_CHV_MM$_AGIFI_TANNERBD_STO_MONT,Tanner Banco Digital,0.0
2025-11-01,SBIF_CONT_EPLME_ACTIV_CHV_MM$_AGIFI_TANNERBD_STO_MONT,Tanner Banco Digital,0.0
2025-12-01,SBIF_CONT_EPLME_ACTIV_CHV_MM$_AGIFI_TANNERBD_STO_MONT,Tanner Banco Digital,0.0
2026-01-01,SBIF_CONT_EPLME_ACTIV_CHV_MM$_AGIFI_TANNERBD_STO_MONT,Tanner Banco Digital,0.0
2026-02-01,SBIF_CONT_EPLME_ACTIV_CHV_MM$_AGIFI_TANNERBD_STO_MONT,Tanner Banco Digital,0.0
2026-03-01,SBIF_CONT_EPLME_ACTIV_CHV_MM$_AGIFI_TANNERBD_STO_MONT,Tanner Banco Digital,0.0
2026-04-01,SBIF_CONT_EPLME_ACTIV_CHV_MM$_AGIFI_TANNERBD_STO_MONT,Tanner Banco Digital,0.0
2026-05-01,SBIF_CONT_EPLME_ACTIV_CHV_MM$_AGIFI_TANNERBD_STO_MONT,Tanner Banco Digital,0.0
2026-06-01,SBIF_CONT_EPLME_ACTIV_CHV_MM$_AGIFI_TANNERBD_STO_MONT,Tanner Banco Digital,0.0
2026-07-01,SBIF_CONT_EPLME_ACTIV_CHV_MM$_AGIFI_TANNERBD_STO_MONT,Tanner Banco Digital,0.0
