id,fecha_utc,latitud,longitud,profundidad_km,magnitud,tipo_magnitud,lugar
us7000j1ew,2023-01-01 12:18:59.423,-23.0742,-68.9221,106.733,4.8,mwr,"68 km S of Calama, Chile"
us7000j1f6,2023-01-01 13:27:29.461,-21.2221,-68.9621,90.462,4.1,mb,"136 km N of Calama, Chile"
us7000j1h7,2023-01-01 21:32:44.421,-21.3126,-67.2105,201.911,4.4,mb,"Potosi, Bolivia"
us7000j1jc,2023-01-02 06:45:13.694,-24.1203,-66.9233,195.266,4.5,mb,"62 km W of San Antonio de los Cobres, Argentina"
us7000j1li,2023-01-02 11:24:09.437,-31.3613,-68.2466,105.312,4.5,mb,"25 km ENE of San Martín, Argentina"
us7000j1qq,2023-01-03 02:09:54.544,-18.287,-70.0597,85.305,4.1,mb,"32 km NE of Arica, Chile"
us7000j1tg,2023-01-03 12:26:10.224,-31.5582,-69.2794,120.139,4.5,mb,"28 km SSE of Calingasta, Argentina"
us7000j1xu,2023-01-03 22:20:56.509,-24.1135,-66.8083,198.977,4.2,mb,"Salta, Argentina"
us7000j1z9,2023-01-04 01:27:34.517,-27.9547,-66.5814,171.453,4.0,mb,"48 km SSW of Andalgalá, Argentina"
us7000j22x,2023-01-04 15:29:37.261,-23.0579,-68.9523,106.604,4.5,mwr,"66 km S of Calama, Chile"
us7000j24y,2023-01-04 19:42:55.191,-30.7554,-71.4941,35.0,4.0,ml,"33 km WSW of Ovalle, Chile"
us7000j25w,2023-01-04 23:23:46.337,-19.1636,-68.9655,126.284,5.1,mww,"154 km SSW of Curahuara de Carangas, Bolivia"
us7000j2az,2023-01-05 14:14:29.033,-22.8646,-68.4422,122.519,4.4,mwr,"25 km WNW of San Pedro de Atacama, Chile"
us7000j2dx,2023-01-05 19:08:18.930,-32.7048,-71.2694,57.962,4.2,mwr,"10 km NNW of Hacienda La Calera, Chile"
us7000j2hh,2023-01-06 06:38:36.458,-24.1567,-67.0685,188.315,4.4,mb,"76 km W of San Antonio de los Cobres, Argentina"
us7000j2j2,2023-01-06 13:33:01.275,-34.2206,-71.6465,50.337,4.3,mb,"53 km NNW of Santa Cruz, Chile"
us7000j2mm,2023-01-06 20:06:19.501,-25.3526,-66.2082,203.273,4.5,mb,"26 km S of Cachí, Argentina"
us7000j2pk,2023-01-07 01:31:49.306,-34.3817,-72.3721,28.476,4.4,mb,"96 km WNW of Santa Cruz, Chile"
us7000j2pr,2023-01-07 01:58:42.796,-31.4319,-68.5084,114.784,4.0,mb,"San Juan, Argentina"
us7000j2r8,2023-01-07 06:23:40.893,-32.0193,-69.4816,106.694,4.8,mwr,"76 km S of Calingasta, Argentina"
us7000j2yq,2023-01-08 11:53:47.194,-23.5177,-66.8469,210.586,4.3,mb,"94 km NW of San Antonio de los Cobres, Argentina"
us7000j30u,2023-01-08 19:28:46.788,-33.0128,-71.3559,54.46,4.3,mwr,"3 km NNE of Villa Alemana, Chile"
us7000j314,2023-01-08 20:23:58.691,-21.0474,-68.6382,128.382,4.3,mwr,"158 km N of Calama, Chile"
us7000j31u,2023-01-09 02:05:20.146,-24.0611,-67.0607,202.486,4.2,mb,"77 km WNW of San Antonio de los Cobres, Argentina"
us7000j33d,2023-01-09 08:43:57.078,-28.7761,-72.7934,10.0,4.3,mwr,"192 km NW of Coquimbo, Chile"
us7000j33j,2023-01-09 09:09:45.036,-20.0492,-69.377,116.896,4.2,mb,"82 km ENE of Iquique, Chile"
us7000j3da,2023-01-10 09:44:21.252,-21.7769,-68.5617,150.092,4.5,mb,"84 km NNE of Calama, Chile"
us7000j3ga,2023-01-10 17:11:26.103,-31.722,-67.1914,135.093,4.3,mb,"103 km E of Caucete, Argentina"
us7000j3mp,2023-01-11 12:03:30.717,-21.5202,-68.5084,150.73,4.2,mb,"112 km NNE of Calama, Chile"
us7000j3na,2023-01-11 15:14:33.864,-31.4078,-68.808,107.895,4.6,mb,"San Juan, Argentina"
us7000j3r4,2023-01-11 20:20:12.801,-25.4853,-71.0059,35.0,4.0,ml,"53 km W of Taltal, Chile"
us7000j3ty,2023-01-12 06:19:10.052,-30.6176,-71.3759,49.0,5.5,mww,"Near the coast of Coquimbo, Chile"
us7000j3wh,2023-01-12 13:14:03.311,-18.4237,-69.3587,132.628,4.5,mwr,"95 km SE of Palca, Peru"
us7000j3wu,2023-01-12 14:24:10.003,-30.6411,-71.335,53.415,4.5,mwr,"Near the coast of Coquimbo, Chile"
us7000j3xf,2023-01-12 16:12:41.057,-22.3179,-68.8832,105.577,4.3,mb,"15 km NNE of Calama, Chile"
us7000j420,2023-01-13 04:17:23.421,-31.556,-69.148,40.986,4.5,mb,"35 km SE of Calingasta, Argentina"
us7000j488,2023-01-13 17:37:27.454,-20.738,-70.4016,39.444,4.2,mb,"63 km SSW of Iquique, Chile"
us7000j49k,2023-01-13 21:00:38.060,-32.8486,-70.199,108.633,4.2,mb,"37 km E of Los Andes, Chile"
us7000j4dh,2023-01-14 11:58:44.722,-30.9772,-71.7885,61.901,4.2,mwr,"70 km SW of Ovalle, Chile"
us6000jiwr,2023-01-15 08:39:02.347,-31.4261,-68.4186,108.791,4.1,mb,"7 km E of San Martín, Argentina"
us7000j4n5,2023-01-16 07:41:00.532,-32.5669,-71.6774,35.0,4.3,mwr,"43 km WSW of La Ligua, Chile"
us7000j4na,2023-01-16 07:50:35.970,-21.7452,-68.4639,114.069,4.9,mwr,Chile-Bolivia border region
us7000j4pm,2023-01-16 15:47:40.574,-24.4747,-67.0711,168.322,4.9,mww,"81 km WSW of San Antonio de los Cobres, Argentina"
us7000j4vf,2023-01-17 11:53:26.378,-38.2043,-74.0207,21.638,4.6,mwr,"70 km SW of Cañete, Chile"
us7000j4y9,2023-01-17 18:05:42.233,-24.6041,-70.1141,57.268,4.3,mwr,"96 km NNE of Taltal, Chile"
us7000j4yj,2023-01-17 19:08:33.122,-25.7629,-69.0324,122.461,4.3,mb,"121 km ENE of Diego de Almagro, Chile"
us7000j56e,2023-01-18 07:29:00.195,-30.3972,-71.9719,26.495,4.5,mb,"77 km WNW of Ovalle, Chile"
us7000j5f1,2023-01-19 05:55:24.886,-24.1169,-66.7256,203.037,4.6,mb,"42 km WNW of San Antonio de los Cobres, Argentina"
us7000j5xr,2023-01-20 22:47:25.624,-19.9447,-68.9255,123.609,4.5,mb,"79 km SSW of Colchane, Chile"
us7000j5zk,2023-01-21 01:50:47.052,-21.4566,-66.6805,228.178,4.0,mb,"74 km SW of Atocha, Bolivia"
us7000j605,2023-01-21 04:05:29.561,-18.2909,-70.755,42.939,4.0,mwr,"51 km SSW of Las Yaras, Peru"
us7000j612,2023-01-21 06:51:30.971,-21.1036,-68.5174,149.1,4.1,mb,"155 km NNE of Calama, Chile"
us7000j62w,2023-01-21 14:37:52.676,-21.6464,-68.4459,138.474,4.4,mb,"102 km NNE of Calama, Chile"
us7000j6c0,2023-01-23 10:52:47.966,-31.3683,-68.6679,110.823,4.2,mb,"15 km WNW of Albardón, Argentina"
us6000jisy,2023-01-23 22:34:17.023,-22.6499,-66.3616,258.434,4.2,mb,"68 km W of Abra Pampa, Argentina"
us6000jisz,2023-01-23 22:35:21.591,-30.5562,-71.8185,28.52,3.9,mwr,"59 km W of Ovalle, Chile"
us6000jivz,2023-01-24 11:23:08.154,-21.3046,-68.3587,115.649,4.6,mwr,"140 km NNE of Calama, Chile"
us6000jiz1,2023-01-24 19:08:29.640,-21.6322,-68.4954,122.614,4.5,mwr,"101 km NNE of Calama, Chile"
us6000jj2x,2023-01-25 04:48:07.614,-26.3582,-71.3099,26.761,4.3,mb,"Off the coast of Atacama, Chile"
us6000jj2y,2023-01-25 05:00:41.457,-28.0891,-67.3111,144.221,4.3,mb,"25 km E of Tinogasta, Argentina"
us6000jjd6,2023-01-26 11:28:13.097,-32.9027,-68.6518,19.256,4.2,mb,"16 km E of Mendoza, Argentina"
us6000jjg6,2023-01-26 15:33:36.751,-22.2386,-67.3046,194.117,4.4,mb,"118 km NE of San Pedro de Atacama, Chile"
us6000jjk4,2023-01-26 22:16:18.969,-17.0363,-71.5323,100.859,4.3,mb,"24 km ENE of Cocachacra, Peru"
us6000jjn7,2023-01-27 10:56:36.526,-19.7052,-69.2271,119.042,4.3,mb,"111 km ENE of Iquique, Chile"
us6000jk7f,2023-01-29 21:49:07.402,-22.0773,-67.2579,183.813,4.4,mb,"133 km NE of San Pedro de Atacama, Chile"
us6000jk86,2023-01-30 00:31:13.997,-21.2199,-68.855,116.292,4.3,mwr,"137 km N of Calama, Chile"
us6000jk98,2023-01-30 06:25:28.942,-21.7194,-68.7214,126.696,4.2,mb,"84 km NNE of Calama, Chile"
us6000jkh3,2023-01-31 04:59:13.634,-28.3346,-67.9314,175.048,4.4,mb,"46 km SW of Tinogasta, Argentina"
us6000jkjh,2023-01-31 16:07:10.826,-19.0377,-69.3349,122.822,4.7,mwr,"119 km ESE of Arica, Chile"
us6000jkkj,2023-01-31 19:45:10.566,-19.6627,-68.4039,148.674,4.6,mb,"49 km SSE of Colchane, Chile"
us6000jkld,2023-01-31 21:51:19.853,-18.895,-69.9048,111.094,4.2,mb,"Tarapaca, Chile"
us6000jkv8,2023-02-01 23:10:57.997,-24.188,-67.227,207.906,4.1,mb,"92 km W of San Antonio de los Cobres, Argentina"
us6000jkvz,2023-02-02 00:26:02.103,-28.3208,-67.6855,160.344,4.2,mb,"Catamarca-La Rioja region, Argentina"
us6000jkwq,2023-02-02 03:38:08.999,-22.9752,-69.9606,43.531,4.4,mb,"87 km NNE of Antofagasta, Chile"
us6000jkxq,2023-02-02 09:08:23.134,-23.5419,-66.928,211.532,4.2,mb,"97 km NW of San Antonio de los Cobres, Argentina"
us6000jkyc,2023-02-02 11:08:33.698,-32.0811,-71.9028,23.456,4.6,mwr,"75 km WNW of La Ligua, Chile"
us6000jkyd,2023-02-02 11:09:32.549,-32.1009,-71.6603,40.86,4.5,mwr,"56 km NW of La Ligua, Chile"
us6000jl1l,2023-02-02 20:37:37.989,-17.1027,-70.2647,137.223,4.4,mb,"11 km ENE of Pujocucho, Peru"
us6000jl5c,2023-02-03 09:50:51.152,-18.862,-69.7288,101.183,4.6,mwr,"73 km SE of Arica, Chile"
us6000jl5e,2023-02-03 10:08:35.963,-20.8536,-69.8924,25.9,4.4,mb,"75 km SSE of Iquique, Chile"
us6000jl95,2023-02-03 21:00:44.462,-30.5726,-71.1985,16.863,4.5,mb,"Near the coast of Coquimbo, Chile"
us6000jlb5,2023-02-04 01:12:49.733,-24.1995,-67.4569,208.484,4.5,mb,"115 km W of San Antonio de los Cobres, Argentina"
us6000jlb9,2023-02-04 02:00:02.845,-32.7442,-69.0982,49.696,4.5,mwr,"30 km WNW of Mendoza, Argentina"
us6000jlbk,2023-02-04 02:46:25.639,-29.9382,-71.6597,28.661,4.2,mwr,"30 km W of Coquimbo, Chile"
us6000jlcq,2023-02-04 07:20:50.151,-19.7304,-69.366,92.108,4.0,mb,"97 km ENE of Iquique, Chile"
us6000jlda,2023-02-04 10:39:53.249,-29.9461,-71.6682,29.099,4.3,mb,"31 km W of Coquimbo, Chile"
us6000jldm,2023-02-04 11:52:20.046,-29.4577,-72.4972,10.0,4.6,mb,"124 km WNW of Coquimbo, Chile"
us6000jlfh,2023-02-04 17:41:22.870,-24.3079,-68.9311,107.329,4.4,mwr,Chile-Argentina border region
us6000jlhg,2023-02-05 01:02:45.785,-29.6487,-71.2511,70.157,5.5,mww,"28 km N of La Serena, Chile"
us6000jliv,2023-02-05 07:08:46.577,-32.7313,-71.7525,31.125,4.0,mb,"Near the coast of Valparaiso, Chile"
us6000jljf,2023-02-05 10:31:32.249,-24.3072,-67.2071,175.925,4.6,mb,"90 km W of San Antonio de los Cobres, Argentina"
us6000jln2,2023-02-06 03:07:16.454,-17.722,-69.6588,156.984,4.0,mb,"32 km E of Palca, Peru"
us6000jlph,2023-02-06 07:48:34.269,-21.2012,-69.0335,95.278,4.3,mwr,"139 km N of Calama, Chile"
us6000jlpu,2023-02-06 08:38:45.283,-31.5961,-69.9343,114.768,4.4,mb,"56 km WSW of Calingasta, Argentina"
us6000jm1q,2023-02-06 18:13:22.718,-33.9519,-70.4956,105.659,4.0,mb,"25 km ENE of Graneros, Chile"
us6000jm33,2023-02-06 21:34:02.739,-24.3158,-67.2323,176.027,4.6,mb,"93 km W of San Antonio de los Cobres, Argentina"
us6000jm7g,2023-02-07 10:22:21.610,-21.5017,-68.5209,130.702,4.2,mb,"113 km NNE of Calama, Chile"
us6000jmdu,2023-02-07 23:12:52.630,-24.2545,-66.9039,174.594,4.7,mwr,"59 km W of San Antonio de los Cobres, Argentina"
us6000jmlp,2023-02-08 23:04:49.149,-20.7098,-68.9032,104.288,4.1,mb,"141 km ESE of Iquique, Chile"
us6000jmmy,2023-02-09 03:50:17.343,-23.9213,-66.9856,250.0,4.4,mb,"75 km WNW of San Antonio de los Cobres, Argentina"
us6000jmn2,2023-02-09 04:23:42.328,-24.1231,-67.1877,238.069,4.0,mb,"88 km W of San Antonio de los Cobres, Argentina"
us6000jmqx,2023-02-09 14:45:46.333,-21.841,-68.6374,131.093,4.3,mb,"74 km NNE of Calama, Chile"
us6000jmrg,2023-02-09 16:25:28.131,-24.2333,-67.4121,201.206,3.9,ml,"111 km W of San Antonio de los Cobres, Argentina"
us6000jn2c,2023-02-10 10:45:10.123,-20.1985,-69.1954,107.116,4.5,mb,"Tarapaca, Chile"
us6000jn2h,2023-02-10 11:08:23.903,-19.0681,-69.2271,125.525,4.4,mb,"Tarapaca, Chile"
us6000jnae,2023-02-11 10:00:41.897,-21.388,-68.692,147.827,4.4,mb,"120 km NNE of Calama, Chile"
us6000jnbv,2023-02-11 20:23:12.427,-21.7568,-68.6623,133.089,4.4,mb,"82 km NNE of Calama, Chile"
us6000jncm,2023-02-11 22:21:06.734,-29.3121,-67.7693,106.715,4.4,mb,"31 km WSW of Chilecito, Argentina"
us6000jnid,2023-02-13 00:16:24.717,-18.2274,-70.1842,103.154,4.2,mb,"Near the coast of Tarapaca, Chile"
us6000jnjx,2023-02-13 07:26:33.014,-26.5677,-71.3857,10.0,4.2,mb,"135 km W of Diego de Almagro, Chile"
us6000jnni,2023-02-13 22:55:04.090,-24.7955,-69.6393,86.293,4.2,mb,"Antofagasta, Chile"
us6000jnny,2023-02-14 00:11:34.847,-21.9053,-70.2645,64.069,4.6,mwr,"Near the coast of Antofagasta, Chile"
us6000jny5,2023-02-14 18:02:12.031,-29.04,-70.0094,122.861,4.6,mwr,"89 km SE of Vallenar, Chile"
us6000jnyc,2023-02-14 19:46:42.003,-23.095,-66.5365,207.585,4.4,mb,"88 km W of El Aguilar, Argentina"
us6000jp6u,2023-02-15 17:15:05.960,-21.1998,-68.8468,116.525,4.4,mb,"61 km W of Ollagüe, Chile"
us6000jp7z,2023-02-15 20:16:43.806,-22.2944,-68.6043,124.999,4.6,mb,"Antofagasta, Chile"
us6000jp8r,2023-02-15 22:12:20.811,-20.0423,-68.0244,170.153,5.0,mww,"106 km SE of Colchane, Chile"
us6000jpab,2023-02-16 03:05:49.970,-22.9722,-66.2487,253.912,4.5,mwr,"63 km WSW of Abra Pampa, Argentina"
us6000jpuk,2023-02-18 04:51:54.569,-31.1506,-70.6183,105.626,4.3,mwr,"60 km SSE of Monte Patria, Chile"
us6000jpxv,2023-02-18 16:10:40.868,-22.2738,-68.6179,111.497,4.2,mb,"37 km ENE of Calama, Chile"
us6000jpzu,2023-02-18 22:13:48.796,-19.9435,-71.0087,16.102,4.7,mwr,"94 km WNW of Puerto, Chile"
us6000jq13,2023-02-19 02:40:40.879,-19.9657,-71.1633,8.527,5.3,mww,"109 km WNW of Puerto, Chile"
us6000jqad,2023-02-20 14:13:12.396,-23.4196,-69.1094,99.369,4.1,mb,"108 km S of Calama, Chile"
us6000jqb0,2023-02-20 15:58:02.482,-20.7701,-67.8879,178.497,4.0,mb,"63 km NE of Ollagüe, Chile"
us6000jqgm,2023-02-21 01:13:59.879,-19.0786,-70.1661,64.453,4.1,mb,"9 km N of Cuya, Chile"
us6000jqnl,2023-02-21 23:22:31.418,-22.0482,-68.606,132.951,4.1,mb,"55 km NE of Calama, Chile"
us6000jqq0,2023-02-22 04:39:35.190,-18.0318,-69.7648,118.711,4.3,mb,"35 km SE of Palca, Peru"
us6000jqt5,2023-02-22 13:30:59.792,-24.0255,-66.9747,217.258,4.2,mwr,"70 km WNW of San Antonio de los Cobres, Argentina"
us6000jquj,2023-02-22 15:18:04.419,-20.9028,-69.0221,106.311,4.2,mwr,"87 km WNW of Ollagüe, Chile"
us6000jqup,2023-02-22 15:51:40.842,-30.1063,-72.15,10.735,4.1,mwr,"79 km WSW of Coquimbo, Chile"
us6000jqv1,2023-02-22 17:47:55.180,-35.7431,-73.1611,35.0,4.1,mb,"Off the coast of Maule, Chile"
us6000jqvf,2023-02-22 18:18:25.823,-35.7033,-73.149,35.0,4.3,mb,"78 km WSW of Constitución, Chile"
us6000jqxb,2023-02-23 00:30:41.948,-22.1357,-67.3195,198.598,4.2,mb,"124 km NE of San Pedro de Atacama, Chile"
us6000jqyb,2023-02-23 03:18:56.181,-30.3563,-71.8526,27.94,4.7,mb,"Near the coast of Coquimbo, Chile"
us6000jqyf,2023-02-23 03:22:10.226,-30.39,-71.6309,31.937,4.7,mb,"Near the coast of Coquimbo, Chile"
us6000jqzy,2023-02-23 10:23:36.021,-33.901,-73.2549,10.0,5.5,mww,"156 km WSW of San Antonio, Chile"
us6000jr0f,2023-02-23 13:01:20.710,-24.0007,-66.7536,182.599,5.3,mww,"50 km WNW of San Antonio de los Cobres, Argentina"
us6000jr2q,2023-02-23 18:38:08.514,-23.2017,-68.661,103.663,4.1,mb,"57 km SW of San Pedro de Atacama, Chile"
us6000jr52,2023-02-23 23:34:36.277,-26.7049,-71.3113,21.621,4.3,mb,"Off the coast of Atacama, Chile"
us6000jr5j,2023-02-24 00:37:16.002,-32.0873,-71.8963,13.367,4.2,mwr,"74 km WNW of La Ligua, Chile"
us6000jr5n,2023-02-24 00:57:53.953,-32.0852,-71.8367,34.416,4.0,mb,"70 km NW of La Ligua, Chile"
us6000jr66,2023-02-24 02:35:11.577,-21.3933,-66.8419,223.154,4.3,mb,"Potosi, Bolivia"
us6000jr7b,2023-02-24 06:12:04.471,-21.9639,-68.5587,124.417,4.3,mb,"66 km NE of Calama, Chile"
us6000jrcg,2023-02-24 15:59:10.977,-24.3835,-67.4605,196.304,4.3,mb,"117 km W of San Antonio de los Cobres, Argentina"
us6000jrfw,2023-02-24 23:31:03.088,-25.0478,-70.9076,24.112,4.2,mb,"58 km NW of Taltal, Chile"
us6000jri2,2023-02-25 07:05:20.435,-21.6383,-70.2945,24.748,4.2,mb,"51 km N of Tocopilla, Chile"
us6000jrkg,2023-02-25 16:25:15.044,-36.8676,-73.415,23.691,4.4,mwr,"30 km NW of Coronel, Chile"
us6000jrmg,2023-02-25 23:43:45.778,-21.482,-66.8791,222.858,4.2,mb,"91 km SW of Atocha, Bolivia"
us6000jrt4,2023-02-26 23:32:19.277,-22.7219,-66.1174,265.571,4.1,mb,"Jujuy, Argentina"
us6000jrx4,2023-02-27 12:08:26.088,-21.5823,-66.8547,213.359,4.5,mb,"97 km SW of Atocha, Bolivia"
us6000jrxd,2023-02-27 12:53:24.442,-22.5394,-68.8458,112.641,4.3,mwr,"12 km SE of Calama, Chile"
us6000jrxt,2023-02-27 14:08:22.980,-26.7414,-70.1718,94.644,4.5,mwr,"Near the coast of Atacama, Chile"
us7000jg3i,2023-02-27 20:52:36.147,-21.8112,-68.6902,121.259,4.5,mwr,"75 km NNE of Calama, Chile"
us7000jg4r,2023-02-27 23:47:42.169,-21.0892,-68.9473,123.433,4.5,mb,Chile-Bolivia border region
us7000jg5d,2023-02-28 01:45:21.698,-20.9729,-70.8725,22.808,4.0,mb,"108 km SW of La Tirana, Chile"
us7000jg5e,2023-02-28 01:48:24.525,-20.9867,-70.8467,10.0,4.2,mb,"108 km SW of La Tirana, Chile"
us7000jg64,2023-02-28 04:54:38.224,-21.6065,-68.5208,135.132,4.4,mb,Chile-Bolivia border region
us7000jg7p,2023-02-28 08:35:56.832,-24.0483,-66.7832,196.31,4.0,mb,"50 km WNW of San Antonio de los Cobres, Argentina"
us7000jg7t,2023-02-28 09:05:30.582,-30.0714,-71.3574,53.825,4.1,mb,"13 km S of Coquimbo, Chile"
us7000jg8l,2023-02-28 13:19:43.684,-19.0466,-71.0023,35.0,4.0,mb,"87 km W of Cuya, Chile"
us7000jgbr,2023-02-28 20:10:34.211,-21.9423,-68.5108,141.299,4.1,mb,"71 km NE of Calama, Chile"
us7000jgey,2023-03-01 04:19:05.156,-22.1603,-68.9388,102.015,4.1,mb,"32 km N of Calama, Chile"
us7000jgip,2023-03-01 08:09:15.245,-17.7088,-74.5254,10.0,4.7,mb,"191 km SSW of Atico, Peru"
us7000jglx,2023-03-01 16:36:45.601,-17.732,-69.311,153.254,4.0,mb,"69 km E of Palca, Peru"
us7000jglz,2023-03-01 16:54:36.266,-34.7881,-71.8496,39.174,4.3,mb,"47 km WSW of Santa Cruz, Chile"
us7000jgnt,2023-03-01 22:55:08.156,-20.9906,-67.635,211.235,4.1,mb,"69 km ENE of Ollagüe, Chile"
us7000jgqb,2023-03-02 01:51:44.914,-24.455,-67.0867,163.002,4.3,mb,"82 km WSW of San Antonio de los Cobres, Argentina"
us7000jgt8,2023-03-02 13:47:34.483,-41.0493,-74.0589,29.779,3.9,ml,"Off the coast of Los Lagos, Chile"
us7000jgy7,2023-03-03 00:32:16.226,-20.1684,-69.0431,113.67,4.0,mb,"66 km ENE of La Tirana, Chile"
us7000jgyn,2023-03-03 01:53:26.271,-17.1247,-72.6624,18.572,5.3,mww,"51 km SSW of Quilca, Peru"
us7000jgzl,2023-03-03 07:19:54.899,-33.5539,-72.0744,21.121,4.1,mwr,"43 km W of Cartagena, Chile"
us7000jgzx,2023-03-03 09:48:01.960,-21.3856,-68.9003,127.25,4.1,mb,"69 km WSW of Ollagüe, Chile"
us7000jh5i,2023-03-03 18:58:36.720,-23.5068,-69.2498,83.828,4.3,mb,"Antofagasta, Chile"
us7000jhe6,2023-03-05 01:06:10.236,-22.0699,-70.346,55.857,4.1,mb,"15 km W of Tocopilla, Chile"
us7000jhil,2023-03-05 22:07:17.242,-28.1573,-71.4059,25.343,4.4,mwr,"78 km NW of Vallenar, Chile"
us7000jhkz,2023-03-06 07:34:51.320,-29.6506,-71.5163,59.292,5.0,mww,"37 km NNW of Coquimbo, Chile"
us7000jhu8,2023-03-07 07:22:26.462,-24.325,-67.1058,167.583,4.5,mb,"80 km W of San Antonio de los Cobres, Argentina"
us7000jhuh,2023-03-07 07:52:12.308,-23.1509,-69.5523,91.732,4.5,mb,"90 km S of María Elena, Chile"
us7000ji25,2023-03-08 04:27:51.206,-21.9854,-68.6571,128.041,4.3,mb,"58 km NNE of Calama, Chile"
us7000ji47,2023-03-08 09:00:22.344,-33.8468,-73.3156,10.0,4.3,mb,"160 km W of San Antonio, Chile"
us7000jicj,2023-03-09 02:02:01.855,-19.5405,-69.814,35.0,4.2,mwr,"47 km WSW of Camiña, Chile"
us7000jig2,2023-03-09 12:56:35.255,-20.7772,-69.7446,52.44,4.0,ml,"49 km S of La Tirana, Chile"
us7000jikf,2023-03-09 17:42:54.461,-37.1081,-74.0031,10.0,4.3,mwr,"62 km WNW of Arauco, Chile"
us7000jimb,2023-03-09 21:30:00.348,-23.1068,-69.3513,96.586,4.2,mb,"84 km SSW of Calama, Chile"
us7000jip4,2023-03-10 01:16:18.486,-21.1635,-68.44,126.018,4.4,mb,"20 km WNW of Ollagüe, Chile"
us7000jj23,2023-03-11 04:13:44.987,-41.302,-73.8421,45.648,4.5,mwr,"63 km N of Ancud, Chile"
us7000jj3f,2023-03-11 08:27:42.007,-22.0874,-68.8431,113.289,4.4,mwr,"41 km NNE of Calama, Chile"
us7000jjar,2023-03-12 07:01:33.991,-24.3369,-67.401,216.652,4.3,mb,"110 km W of San Antonio de los Cobres, Argentina"
us7000jji3,2023-03-13 10:14:49.943,-24.1232,-66.7042,192.512,4.5,mb,"40 km WNW of San Antonio de los Cobres, Argentina"
us7000jjll,2023-03-13 19:19:15.151,-17.6195,-70.3845,97.615,4.9,mww,"22 km SW of Chipispaya, Peru"
us7000jjnk,2023-03-13 22:50:44.530,-28.1851,-67.4981,128.604,5.2,mww,"15 km SSE of Tinogasta, Argentina"
us7000jjs2,2023-03-14 07:11:14.718,-26.9138,-71.2468,11.804,4.5,mb,"103 km WNW of Copiapó, Chile"
us7000jjwt,2023-03-14 19:56:39.183,-38.3815,-75.2656,8.0,5.5,mww,"165 km WSW of Lebu, Chile"
us7000jjxc,2023-03-14 20:55:44.209,-17.5274,-69.4513,169.435,4.5,mb,"60 km E of Estique, Peru"
us7000jk2y,2023-03-15 09:35:42.096,-28.3108,-70.5426,71.562,4.2,mb,"Atacama, Chile"
us7000jk9s,2023-03-15 21:35:21.372,-24.3668,-70.8414,32.261,4.0,mwr,"91 km SSW of Antofagasta, Chile"
us7000jlrs,2023-03-16 05:42:13.684,-24.1351,-67.4476,186.958,4.2,mb,"115 km W of San Antonio de los Cobres, Argentina"
us7000jkrt,2023-03-17 08:07:03.258,-18.4702,-71.3185,27.319,4.2,mb,"91 km S of Pacocha, Peru"
us7000jl0p,2023-03-18 04:14:23.376,-36.0348,-73.6672,6.678,4.0,mb,"90 km NW of Tomé, Chile"
us7000jl1c,2023-03-18 06:50:07.109,-19.7452,-66.9186,238.157,4.6,mb,"61 km N of Colchani, Bolivia"
us7000jl36,2023-03-18 15:41:44.252,-33.3296,-68.4268,37.376,4.8,mww,"27 km S of San Martín, Argentina"
us7000jl58,2023-03-18 20:30:07.781,-23.0803,-68.8667,97.714,4.6,mwr,"69 km S of Calama, Chile"
us7000jl62,2023-03-19 00:25:24.364,-28.1,-71.5544,27.583,4.1,mb,"94 km NW of Vallenar, Chile"
us7000jlf6,2023-03-20 13:39:54.492,-18.2849,-70.4781,79.629,4.3,mb,"28 km NW of Arica, Chile"
us7000jlk9,2023-03-21 01:24:51.219,-18.2272,-71.2929,37.083,4.1,mb,"64 km S of Pacocha, Peru"
us7000jlka,2023-03-21 01:42:24.117,-24.3377,-69.7809,71.113,3.8,ml,"98 km SE of Antofagasta, Chile"
us7000jlpd,2023-03-21 17:38:13.470,-33.6108,-71.3399,60.008,5.6,mww,"14 km NW of Melipilla, Chile"
us7000jlxp,2023-03-22 15:18:50.459,-23.5107,-66.4676,213.706,5.3,mww,"79 km N of San Antonio de los Cobres, Argentina"
us7000jlxs,2023-03-22 15:38:37.068,-22.7534,-68.9833,110.577,4.4,mb,"33 km S of Calama, Chile"
us7000jlxu,2023-03-22 16:00:34.663,-23.4224,-66.4954,228.0,6.4,mww,"86 km WSW of El Aguilar, Argentina"
us7000jm40,2023-03-23 05:19:51.287,-18.2303,-73.3661,10.0,4.0,mb,"190 km SSW of Camaná, Peru"
us7000jm46,2023-03-23 05:43:54.886,-34.0791,-70.2668,118.525,4.0,mb,"37 km ENE of Machalí, Chile"
us7000jm9s,2023-03-23 21:24:11.575,-36.6925,-70.3526,159.043,4.5,mwr,"41 km WNW of Barrancas, Argentina"
us7000jmc5,2023-03-24 04:33:26.000,-22.9976,-66.4611,244.713,4.2,mb,"83 km WNW of El Aguilar, Argentina"
us7000jmcm,2023-03-24 06:13:23.735,-30.0612,-71.4064,67.433,4.0,mb,"13 km SSW of Coquimbo, Chile"
us7000jmn5,2023-03-25 07:30:14.915,-22.9052,-68.7976,116.001,4.5,mwr,"51 km SSE of Calama, Chile"
us7000jmpt,2023-03-25 16:27:07.571,-17.7866,-74.4844,10.0,4.4,mb,"197 km SSW of Atico, Peru"
us7000jmrf,2023-03-26 00:02:43.587,-21.0053,-68.6054,105.216,5.4,mww,"161 km N of Calama, Chile"
us7000jmrn,2023-03-26 00:39:52.373,-22.4192,-66.1989,262.48,4.6,mb,"Jujuy, Argentina"
us7000jmuh,2023-03-26 11:39:01.246,-25.6937,-69.1858,8.427,5.1,mww,"114 km NE of Diego de Almagro, Chile"
us7000jmw0,2023-03-26 17:26:41.413,-36.4913,-72.7481,45.215,4.7,mwr,"23 km NE of Tomé, Chile"
us7000jmyk,2023-03-27 04:22:18.077,-24.3151,-67.2482,177.127,4.2,mb,Chile-Argentina border region
us7000jn12,2023-03-27 15:55:18.764,-26.6924,-71.4807,13.287,4.4,mb,"136 km WNW of Copiapó, Chile"
us6000k0xf,2023-03-30 17:33:08.544,-35.6663,-73.4965,26.0,6.3,mww,"105 km WSW of Constitución, Chile"
us6000k0xp,2023-03-30 18:26:36.661,-35.8611,-73.4676,25.526,4.3,mb,"95 km WNW of Quirihue, Chile"
us6000k0ye,2023-03-30 19:55:02.918,-35.7016,-73.5558,10.0,4.2,mb,"111 km WSW of Constitución, Chile"
us6000k0zq,2023-03-30 22:03:23.564,-35.7216,-73.5253,10.0,4.4,mwr,"108 km NW of Quirihue, Chile"
us6000k138,2023-03-31 10:46:21.534,-24.7851,-70.0594,49.383,5.2,mww,"81 km NNE of Taltal, Chile"
us6000k15n,2023-03-31 14:07:15.734,-22.7033,-66.3254,253.408,4.2,mb,"64 km W of Abra Pampa, Argentina"
us6000k19h,2023-04-01 00:47:43.238,-20.8783,-70.4879,32.217,4.2,mb,"75 km SSW of La Tirana, Chile"
us6000k1f8,2023-04-02 01:37:46.881,-31.5822,-69.4116,118.027,4.6,mb,"27 km S of Calingasta, Argentina"
us6000k1hi,2023-04-02 13:17:49.659,-24.3926,-67.1175,171.668,4.5,mb,"83 km WSW of San Antonio de los Cobres, Argentina"
us6000k1ty,2023-04-03 21:46:42.589,-21.3813,-66.7051,217.616,5.1,mww,"70 km SW of Atocha, Bolivia"
us6000k1v7,2023-04-04 03:48:01.950,-28.633,-71.251,35.0,4.4,mb,"Near the coast of Atacama, Chile"
us6000k21a,2023-04-04 04:59:21.968,-35.8893,-73.961,35.773,4.2,mb,"Off the coast of Maule, Chile"
us6000k1zt,2023-04-04 19:08:46.919,-27.4327,-70.9617,53.0,5.9,mww,"62 km W of Copiapó, Chile"
us6000k1zu,2023-04-04 19:26:59.965,-27.3615,-71.0494,52.645,4.6,mb,"Near the coast of Atacama, Chile"
us6000k25y,2023-04-05 14:58:41.266,-37.8493,-73.7325,16.684,4.3,mwr,"Near the coast of Bio-Bio, Chile"
us6000k28d,2023-04-05 21:04:20.147,-32.1161,-71.6255,37.626,4.0,mwr,"52 km NW of La Ligua, Chile"
us6000k297,2023-04-05 23:24:43.321,-35.8336,-73.5659,10.0,4.2,mb,"102 km NNW of Tomé, Chile"
us6000k2ad,2023-04-06 03:28:10.381,-24.3354,-67.1564,177.267,4.2,mwr,"86 km W of San Antonio de los Cobres, Argentina"
us6000k2gx,2023-04-06 15:45:38.819,-27.4374,-71.1856,45.582,4.2,mb,"84 km W of Copiapó, Chile"
us6000k2ly,2023-04-07 07:44:53.529,-20.7938,-69.7116,61.502,4.1,mb,"51 km S of La Tirana, Chile"
us6000k2pn,2023-04-07 16:26:59.049,-22.7439,-66.3641,224.684,4.3,mb,"68 km W of Abra Pampa, Argentina"
us6000k2xf,2023-04-08 23:36:32.751,-17.814,-69.7472,165.823,4.2,mb,Peru-Bolivia border region
us6000k2yu,2023-04-09 05:24:33.798,-19.2863,-70.2687,46.698,4.0,mwr,"16 km SW of Cuya, Chile"
us6000k38q,2023-04-10 08:33:24.093,-32.3575,-71.4309,53.23,4.1,mb,"21 km WNW of La Ligua, Chile"
us6000k39b,2023-04-10 10:54:41.370,-32.62,-70.8372,77.055,4.5,mwr,"17 km NW of San Felipe, Chile"
us6000k3g7,2023-04-11 08:22:35.877,-21.5124,-69.4401,68.451,4.0,mb,"94 km NNE of María Elena, Chile"
us6000k3gw,2023-04-11 10:35:35.041,-21.1141,-68.7791,123.327,4.2,mb,"55 km WNW of Ollagüe, Chile"
us6000k3h9,2023-04-11 11:52:08.632,-24.0217,-69.0585,91.95,4.2,mb,"142 km ESE of Antofagasta, Chile"
us6000k3ic,2023-04-11 16:07:20.762,-21.1301,-68.6593,123.376,4.4,mb,"43 km WNW of Ollagüe, Chile"
us6000k3j3,2023-04-11 16:19:14.055,-31.4234,-72.0023,27.091,4.4,mb,"82 km WNW of Illapel, Chile"
us6000k3qe,2023-04-12 05:26:47.164,-23.782,-66.8167,197.328,4.4,mwr,"69 km NW of San Antonio de los Cobres, Argentina"
us6000k3qv,2023-04-12 06:16:08.924,-36.0751,-70.0888,179.503,4.2,mwr,"84 km N of Barrancas, Argentina"
us6000k3rv,2023-04-12 08:24:32.028,-21.9544,-68.7285,110.27,4.1,mb,"59 km NNE of Calama, Chile"
us6000k400,2023-04-13 08:18:10.726,-20.547,-68.7842,103.554,4.5,mb,"93 km NW of Ollag?e, Chile"
us6000k4tx,2023-04-16 00:06:51.963,-53.9795,-70.7621,10.0,4.2,mb,"92 km S of Punta Arenas, Chile"
us6000k54e,2023-04-17 18:23:08.398,-21.8984,-68.498,122.736,3.8,mb,"75 km NE of Calama, Chile"
us6000k5nl,2023-04-20 04:23:23.228,-30.9161,-71.5486,35.0,4.4,mb,"48 km SW of Ovalle, Chile"
us6000k5tq,2023-04-20 17:13:15.230,-20.7547,-69.1342,94.745,4.4,mb,"71 km SE of La Tirana, Chile"
us6000k5vh,2023-04-20 20:21:28.082,-28.9833,-71.6568,35.0,4.1,mb,"Near the coast of Atacama, Chile"
us6000k5z3,2023-04-21 09:45:02.901,-32.0901,-71.8999,27.245,4.1,mb,"Near the coast of Valparaiso, Chile"
us6000k621,2023-04-21 11:53:07.530,-22.7875,-68.713,123.234,4.1,mb,"42 km SSE of Calama, Chile"
us6000k6c5,2023-04-22 09:20:47.745,-28.6332,-71.1761,62.775,3.7,ml,"41 km W of Vallenar, Chile"
us6000k6jg,2023-04-23 11:38:53.438,-30.6523,-71.3359,51.06,4.3,mb,"14 km WSW of Ovalle, Chile"
us6000k6lx,2023-04-23 22:31:37.854,-27.1669,-70.174,97.134,4.2,mb,"27 km NE of Copiapó, Chile"
us6000k6ma,2023-04-24 00:04:54.835,-24.3673,-67.1247,165.343,4.3,mb,"83 km WSW of San Antonio de los Cobres, Argentina"
us6000k6pa,2023-04-24 03:17:27.344,-31.8098,-69.5977,124.17,4.5,mb,"San Juan, Argentina"
us6000k6pf,2023-04-24 03:56:28.807,-33.6233,-72.0504,22.643,4.7,mwr,"41 km W of San Antonio, Chile"
us6000k6qn,2023-04-24 08:45:10.705,-30.8024,-68.5585,111.388,4.3,mb,"64 km SSE of San José de Jáchal, Argentina"
us6000k6re,2023-04-24 11:59:40.067,-33.8736,-72.0695,24.12,4.1,mwr,"52 km SW of San Antonio, Chile"
us7000jvvv,2023-04-25 20:47:59.103,-17.6988,-69.4647,160.445,4.2,mb,"53 km E of Palca, Peru"
us7000jvye,2023-04-26 05:52:21.726,-27.8621,-66.7444,152.853,4.5,mb,"Catamarca, Argentina"
us7000jw0l,2023-04-26 12:57:50.155,-26.609,-70.9392,32.792,4.2,mb,"92 km WSW of Diego de Almagro, Chile"
us7000jw73,2023-04-27 06:07:13.429,-35.6137,-71.3001,85.853,5.0,mww,"Maule, Chile"
us7000jw9l,2023-04-27 11:53:39.892,-19.32,-67.3847,227.117,4.2,mb,"79 km SW of Challapata, Bolivia"
us7000jw9t,2023-04-27 12:43:22.053,-33.8482,-72.1677,23.651,4.1,mb,"59 km WSW of San Antonio, Chile"
us7000jwfs,2023-04-28 00:28:26.805,-17.3322,-70.3293,170.951,4.3,mb,Southern Peru
us7000jwpe,2023-04-28 14:47:39.514,-20.998,-68.6517,121.272,4.4,mwr,"48 km WNW of Ollagüe, Chile"
us7000jx7g,2023-04-30 16:39:09.912,-23.1988,-70.0657,61.905,4.3,mwr,"40 km ESE of Mejillones, Chile"
us7000jx7y,2023-04-30 18:03:02.574,-20.7686,-67.7927,167.161,4.5,mb,"69 km NE of Ollagüe, Chile"
us7000jxb0,2023-05-01 05:51:39.278,-24.3738,-66.7736,218.314,4.5,mwr,"49 km WSW of San Antonio de los Cobres, Argentina"
us7000jxbs,2023-05-01 10:25:04.610,-21.3375,-68.6461,113.644,4.2,mb,"42 km WSW of Ollagüe, Chile"
us7000jxdr,2023-05-01 18:48:23.108,-19.3963,-68.1143,179.059,4.1,mb,"56 km ESE of Colchane, Chile"
us7000jxer,2023-05-01 21:51:40.535,-24.3315,-67.4948,201.268,4.1,mb,"120 km W of San Antonio de los Cobres, Argentina"
us7000jxf9,2023-05-01 23:44:06.710,-17.4809,-70.0181,167.759,4.2,mb,Southern Peru
us7000jxg0,2023-05-02 03:05:54.378,-32.463,-71.1009,53.042,4.4,mb,"Near the coast of Valparaiso, Chile"
us7000jxhs,2023-05-02 13:55:51.633,-28.9814,-71.7677,23.332,4.2,mwr,"Near the coast of Atacama, Chile"
us7000jxl6,2023-05-02 21:21:36.630,-21.8275,-68.5709,126.334,4.0,mb,"74 km SSW of Ollagüe, Chile"
us7000jxps,2023-05-03 06:33:07.033,-22.187,-67.4428,202.916,4.2,mb,"111 km NE of San Pedro de Atacama, Chile"
us6000k9e5,2023-05-04 04:48:35.164,-39.5085,-72.7094,83.717,4.4,mb,"17 km SSW of Loncoche, Chile"
us6000k9el,2023-05-04 07:09:10.212,-31.0431,-68.0792,113.919,4.0,mb,"San Juan, Argentina"
us6000k9f1,2023-05-04 08:28:34.583,-33.7268,-70.587,92.069,4.0,mb,"12 km S of Puente Alto, Chile"
us6000k9lz,2023-05-05 04:00:13.653,-19.8583,-69.0041,111.543,4.5,mb,"74 km SE of Camiña, Chile"
us6000k9y7,2023-05-06 01:53:05.562,-27.9222,-66.8282,149.009,4.2,mb,"37 km SE of Londres, Argentina"
us6000ka5c,2023-05-07 04:12:43.776,-22.4228,-68.741,111.647,4.4,mwr,"19 km ENE of Calama, Chile"
us6000ka60,2023-05-07 06:29:01.051,-25.3542,-70.5138,45.565,5.2,mww,"6 km NNW of Taltal, Chile"
us6000ka66,2023-05-07 07:30:23.697,-23.3501,-66.9013,238.119,4.4,mb,"112 km NNW of San Antonio de los Cobres, Argentina"
us6000kab3,2023-05-08 02:34:03.060,-28.7013,-71.3014,43.848,4.1,mwr,"54 km WSW of Vallenar, Chile"
us6000kai5,2023-05-09 00:56:17.118,-21.0504,-66.7339,235.22,4.3,mb,"54 km WSW of Atocha, Bolivia"
us6000kak8,2023-05-09 09:15:56.386,-22.3956,-66.0605,262.81,4.1,mb,"51 km NW of Abra Pampa, Argentina"
us6000kakm,2023-05-09 11:27:51.043,-31.6836,-72.2798,27.345,4.3,mb,"Off the coast of Coquimbo, Chile"
us6000karf,2023-05-09 23:39:40.334,-26.0898,-70.7297,77.792,4.1,mb,"76 km WNW of Diego de Almagro, Chile"
us6000kayg,2023-05-10 19:45:48.679,-25.3931,-69.7335,74.804,4.3,mb,"75 km E of Taltal, Chile"
us6000kb1p,2023-05-11 07:27:03.280,-17.8015,-69.516,151.122,4.3,mb,"47 km E of Palca, Peru"
us6000kb29,2023-05-11 09:14:44.814,-20.47,-68.6672,113.892,4.2,mb,"94 km NNW of Ollagüe, Chile"
us6000kb6d,2023-05-11 16:52:57.546,-19.2642,-69.7768,87.62,4.0,mb,"37 km W of Camiña, Chile"
us6000kb92,2023-05-11 22:32:59.674,-22.2513,-70.1987,35.0,4.1,mb,"17 km S of Tocopilla, Chile"
us6000kbad,2023-05-12 01:23:27.583,-17.629,-69.7512,162.551,4.3,mb,"27 km NE of Palca, Peru"
us6000kbgl,2023-05-12 14:51:54.912,-30.2596,-71.3709,46.688,4.2,mb,"34 km S of Coquimbo, Chile"
us6000kbmg,2023-05-13 04:51:25.056,-38.0621,-73.6478,18.733,4.6,mwr,"36 km SW of Cañete, Chile"
us6000kbpr,2023-05-13 16:11:32.395,-21.4165,-67.287,171.241,4.3,mb,"102 km ESE of Ollagüe, Chile"
us6000kbri,2023-05-14 02:05:19.128,-24.235,-66.9035,211.561,4.1,mb,"Salta, Argentina"
us6000kbwx,2023-05-14 21:17:11.509,-24.2573,-67.0547,222.286,4.0,mb,"74 km W of San Antonio de los Cobres, Argentina"
us6000kbx4,2023-05-14 21:55:18.043,-24.1117,-67.9868,132.333,4.0,mb,"134 km S of San Pedro de Atacama, Chile"
us6000kbxu,2023-05-15 00:54:39.942,-31.9392,-69.2402,128.389,4.4,mb,"64 km SW of Villa Basilio Nievas, Argentina"
us6000kbzb,2023-05-15 06:18:33.977,-36.8135,-73.7896,24.919,4.3,mb,"60 km W of Talcahuano, Chile"
us6000kbzf,2023-05-15 07:10:56.684,-22.7757,-66.2059,271.466,4.1,mb,"52 km W of Abra Pampa, Argentina"
us6000kbzl,2023-05-15 07:39:39.358,-22.7606,-66.4159,237.07,5.3,mww,"73 km W of Abra Pampa, Argentina"
us6000kc0b,2023-05-15 10:15:56.614,-21.913,-68.8142,140.203,4.2,mb,"61 km N of Calama, Chile"
us6000kc4h,2023-05-15 19:24:06.225,-20.0853,-69.0078,109.846,4.3,mwr,"73 km ENE of La Tirana, Chile"
us6000kc6s,2023-05-16 00:53:38.369,-20.8379,-70.2842,27.062,4.1,mb,"63 km SSW of La Tirana, Chile"
us6000kc9i,2023-05-16 11:52:53.471,-24.2222,-67.0231,163.468,4.2,mb,"71 km W of San Antonio de los Cobres, Argentina"
us6000kcd9,2023-05-16 19:18:06.318,-22.4931,-67.8539,165.644,4.2,mwr,"58 km NE of San Pedro de Atacama, Chile"
us6000kcg6,2023-05-17 03:49:07.696,-24.4318,-67.4834,196.384,4.0,mb,"120 km W of San Antonio de los Cobres, Argentina"
us6000kchd,2023-05-17 10:16:32.159,-31.8836,-66.8112,131.418,4.6,mb,"93 km NNW of Villa General Roca, Argentina"
us6000kcrk,2023-05-18 08:34:28.173,-33.9593,-71.5539,42.993,3.3,ml,"40 km S of San Antonio, Chile"
us6000kd1l,2023-05-19 03:58:41.262,-20.3245,-69.0373,105.103,4.6,mwr,"64 km E of La Tirana, Chile"
us6000kd1w,2023-05-19 04:51:43.251,-22.127,-67.5797,210.138,4.5,mb,"107 km NE of San Pedro de Atacama, Chile"
us6000kd9f,2023-05-19 19:38:23.025,-30.5972,-71.4654,64.648,4.6,mb,"25 km W of Ovalle, Chile"
us6000kdau,2023-05-19 21:54:32.897,-24.3462,-67.0897,178.296,4.4,mwr,"79 km W of San Antonio de los Cobres, Argentina"
us6000kdb9,2023-05-19 22:44:02.054,-22.5817,-66.0795,260.055,4.2,mb,"42 km WNW of Abra Pampa, Argentina"
us6000kdet,2023-05-20 07:10:14.666,-21.4257,-68.7271,111.25,4.0,mb,"53 km WSW of Ollagüe, Chile"
us6000kdev,2023-05-20 07:16:16.143,-36.5182,-72.6502,57.248,4.2,mb,"28 km SSW of Quirihue, Chile"
us6000kdgt,2023-05-20 16:25:36.622,-17.6183,-70.3493,108.994,4.4,mb,Southern Peru
us6000kdte,2023-05-22 04:47:19.245,-21.2197,-68.7974,131.372,4.0,mb,"56 km W of Ollagüe, Chile"
us6000kduf,2023-05-22 08:39:48.121,-22.3925,-68.497,123.365,4.5,mb,"44 km E of Calama, Chile"
us7000k37x,2023-05-23 09:43:59.501,-18.6224,-67.1094,249.135,4.4,mb,"28 km WSW of Totoral, Bolivia"
us7000k38s,2023-05-23 12:29:32.408,-36.7904,-73.6825,18.933,4.5,mwr,"51 km W of Talcahuano, Chile"
us7000k3c1,2023-05-23 21:01:57.686,-29.5951,-71.6585,51.472,4.2,mb,"50 km NW of Coquimbo, Chile"
us7000k3ck,2023-05-23 22:57:32.430,-36.793,-73.7335,16.542,4.3,mwr,"55 km W of Talcahuano, Chile"
us7000k3cp,2023-05-23 23:18:20.037,-36.7862,-73.7152,18.835,4.4,mb,"53 km W of Talcahuano, Chile"
us7000k3e3,2023-05-24 03:14:28.665,-31.6553,-70.1567,113.664,4.2,mb,"77 km E of Salamanca, Chile"
us7000k3ec,2023-05-24 03:42:57.570,-19.8,-69.2837,109.76,4.2,mb,"55 km ENE of Huara, Chile"
us7000k3g5,2023-05-24 12:54:53.686,-36.7199,-73.7256,18.033,4.1,mb,"54 km W of Talcahuano, Chile"
us7000k3gx,2023-05-24 15:17:49.137,-31.8581,-66.6227,136.761,4.6,mb,"78 km WNW of Candelaria, Argentina"
us7000k3kk,2023-05-24 18:28:55.846,-38.3835,-75.3185,9.758,4.4,mb,"169 km WSW of Lebu, Chile"
us7000k3m7,2023-05-25 00:03:07.897,-24.2695,-67.1264,177.946,4.3,mb,Chile-Argentina border region
us7000k3ml,2023-05-25 00:59:38.354,-21.8753,-68.6068,133.74,4.0,mb,"72 km NNE of Calama, Chile"
us7000k3mw,2023-05-25 02:02:39.998,-24.0069,-66.7255,203.482,4.1,mb,"47 km WNW of San Antonio de los Cobres, Argentina"
us7000k3mx,2023-05-25 02:22:00.378,-19.6773,-69.2534,10.0,4.1,mb,"44 km SSE of Camiña, Chile"
us7000k42y,2023-05-25 20:20:11.411,-17.6963,-69.8612,126.637,4.4,mb,"13 km NE of Palca, Peru"
us7000k47a,2023-05-26 13:42:32.428,-18.7307,-66.9167,256.602,4.9,mb,"Oruro-Potosi border region, Bolivia"
us7000k4fe,2023-05-27 07:45:15.444,-24.0318,-67.006,212.128,4.0,mb,"72 km WNW of San Antonio de los Cobres, Argentina"
us7000k4jl,2023-05-28 02:06:18.902,-23.4118,-70.0668,37.536,4.3,mwr,"42 km NE of Antofagasta, Chile"
us7000k4q1,2023-05-29 02:41:26.215,-24.1784,-66.9261,200.58,4.0,mb,"61 km W of San Antonio de los Cobres, Argentina"
us7000k4sd,2023-05-29 15:02:30.096,-31.6907,-66.8113,126.78,4.9,mb,"101 km WNW of Candelaria, Argentina"
us7000k4wz,2023-05-30 03:32:03.745,-18.3198,-70.0528,90.56,4.1,mb,"31 km ENE of Arica, Chile"
us7000k4xq,2023-05-30 06:35:17.500,-29.4203,-71.3563,43.474,4.3,mb,"Near the coast of Coquimbo, Chile"
us7000k4z1,2023-05-30 12:25:37.112,-21.9542,-68.5283,10.0,4.4,mb,"68 km NE of Calama, Chile"
us7000k51s,2023-05-30 16:51:35.377,-20.7038,-70.6344,24.602,5.5,mww,"70 km SW of La Tirana, Chile"
us7000k525,2023-05-30 18:15:52.393,-35.5735,-74.5237,3.975,4.3,mb,"179 km NW of Talcahuano, Chile"
us7000k5f4,2023-06-01 03:52:44.681,-20.8354,-68.2686,199.287,4.2,mb,"43 km N of Ollag?e, Chile"
us7000k5fc,2023-06-01 05:37:29.237,-20.2787,-66.8771,215.245,4.3,mb,"6 km ENE of Colchani, Bolivia"
us7000k5m8,2023-06-01 22:32:53.205,-23.9591,-66.718,208.939,4.5,mb,"49 km NW of San Antonio de los Cobres, Argentina"
us7000k5vc,2023-06-02 18:58:51.326,-23.4288,-66.8171,204.184,4.6,mb,"Jujuy, Argentina"
us7000k5yb,2023-06-03 00:11:44.990,-27.4475,-66.5322,10.0,5.0,mb,"Catamarca, Argentina"
us7000k5yd,2023-06-03 00:21:16.929,-32.0735,-68.5851,129.436,4.4,mb,"43 km S of Pocito, Argentina"
us7000k5z4,2023-06-03 00:49:52.392,-17.1416,-69.6949,179.474,4.3,mb,"40 km ENE of Chuquitira, Peru"
us7000k62d,2023-06-03 10:08:33.954,-20.6949,-68.7311,100.084,5.0,mww,"76 km NW of Ollagüe, Chile"
us7000k63q,2023-06-03 14:12:56.065,-18.3088,-71.393,26.808,4.3,mwr,"73 km S of Pacocha, Peru"
us7000k67l,2023-06-04 06:05:26.335,-23.518,-67.7179,123.571,4.6,mwr,"83 km SE of San Pedro de Atacama, Chile"
us7000k67y,2023-06-04 07:30:42.433,-28.3746,-70.8935,78.338,4.3,mwr,"25 km NNW of Vallenar, Chile"
us7000k689,2023-06-04 08:45:02.447,-23.0677,-70.2624,35.0,4.3,mb,"19 km E of Mejillones, Chile"
us7000k6a1,2023-06-04 18:09:02.316,-20.475,-69.2624,114.909,4.4,mb,"43 km ESE of La Tirana, Chile"
us7000k6aq,2023-06-04 21:46:33.363,-20.6858,-68.8976,109.488,4.1,mb,"88 km ESE of La Tirana, Chile"
us7000k6ck,2023-06-05 05:24:26.310,-24.1118,-67.1516,198.544,4.1,mb,"85 km W of San Antonio de los Cobres, Argentina"
us7000k6gk,2023-06-05 16:54:49.772,-18.2066,-70.33,86.488,4.0,mb,"22 km SSW of Tacna, Peru"
us7000k6ip,2023-06-05 21:33:57.678,-21.443,-70.0735,78.523,4.3,mwr,"73 km N of Tocopilla, Chile"
us7000k6ni,2023-06-06 16:23:44.394,-23.2711,-66.7841,216.222,4.4,mb,"113 km W of El Aguilar, Argentina"
us7000k6nz,2023-06-06 17:41:52.679,-21.3184,-69.8923,54.307,4.5,mb,"91 km NNE of Tocopilla, Chile"
us7000k6q0,2023-06-06 20:24:38.369,-23.2551,-68.5661,120.887,4.3,mb,"Antofagasta, Chile"
us7000k6rx,2023-06-07 01:36:53.497,-17.224,-71.1016,95.748,4.2,mb,"17 km W of Moquegua, Peru"
usd000ju19,2023-06-07 01:47:28.204,-32.4979,-71.8048,27.334,4.0,mwr,"54 km W of La Ligua, Chile"
us7000k6ws,2023-06-07 14:54:06.684,-35.8278,-73.6095,10.0,4.4,mb,"105 km NNW of Tomé, Chile"
us7000k70w,2023-06-07 22:49:42.656,-27.8561,-66.9578,160.08,4.5,mb,"23 km SE of Londres, Argentina"
us7000k71i,2023-06-08 01:42:04.404,-21.307,-67.1878,203.822,4.5,mb,"101 km SSW of Uyuni, Bolivia"
us7000k7ac,2023-06-09 03:21:43.712,-23.6269,-67.0345,219.244,4.3,mb,"97 km NW of San Antonio de los Cobres, Argentina"
us7000k7iy,2023-06-09 21:19:30.127,-23.485,-69.5552,77.047,4.3,mb,"87 km ENE of Antofagasta, Chile"
us7000k7ll,2023-06-10 07:24:29.342,-24.1175,-66.9529,189.009,4.3,mwr,"65 km W of San Antonio de los Cobres, Argentina"
us7000k7lq,2023-06-10 07:55:47.205,-24.1683,-67.0604,201.981,3.9,mb,"75 km W of San Antonio de los Cobres, Argentina"
us7000k7mt,2023-06-10 13:21:06.992,-30.7131,-71.5625,47.038,4.4,mwr,"36 km WSW of Ovalle, Chile"
us7000k7n6,2023-06-10 15:06:47.441,-21.5935,-69.557,14.685,4.2,mwr,"83 km N of María Elena, Chile"
us7000k7rm,2023-06-11 04:57:55.690,-21.1386,-68.9062,110.113,4.4,mb,"68 km W of Ollagüe, Chile"
us7000k7s0,2023-06-11 06:36:50.053,-24.2097,-67.1423,224.945,4.2,mb,Chile-Argentina border region
us7000k7w6,2023-06-11 20:35:23.417,-22.0191,-68.7801,105.622,4.6,mwr,"50 km NNE of Calama, Chile"
us7000k7y3,2023-06-12 08:51:44.501,-19.9627,-69.2075,99.025,3.9,mb,"59 km E of Huara, Chile"
us7000k7y5,2023-06-12 09:11:28.397,-24.2021,-67.3876,199.647,4.3,mb,"108 km W of San Antonio de los Cobres, Argentina"
us7000k7yi,2023-06-12 12:37:19.911,-18.9474,-67.8824,10.0,4.8,mb,"87 km ENE of Colchane, Chile"
us7000k84u,2023-06-13 07:35:18.465,-28.0144,-66.5792,162.732,4.5,mb,"54 km SSW of Andalgalá, Argentina"
us7000k89a,2023-06-13 19:51:52.624,-22.2827,-68.8215,128.109,4.2,mb,"21 km NNE of Calama, Chile"
us7000k8cg,2023-06-14 05:38:28.495,-35.7387,-73.6164,23.393,4.2,mb,"114 km WNW of Quirihue, Chile"
us7000k8cx,2023-06-14 07:28:35.466,-35.7661,-73.5038,23.708,4.3,mb,"103 km WNW of Quirihue, Chile"
us7000k8fg,2023-06-14 15:29:37.743,-35.732,-73.5752,23.434,4.2,mb,"111 km WNW of Quirihue, Chile"
us7000k8rm,2023-06-15 19:07:34.544,-34.5251,-71.882,41.754,5.4,mww,"49 km WNW of Santa Cruz, Chile"
us7000k8w0,2023-06-16 09:07:50.009,-30.403,-72.1963,15.036,4.4,mb,"96 km WSW of Coquimbo, Chile"
us7000k8x2,2023-06-16 12:58:24.470,-24.1627,-67.1137,178.856,4.7,mwr,"80 km W of San Antonio de los Cobres, Argentina"
us7000k93z,2023-06-16 23:48:18.538,-20.6453,-70.6888,31.267,4.2,mb,"70 km SW of La Tirana, Chile"
us7000k95w,2023-06-17 06:18:47.297,-23.128,-66.7374,225.449,4.2,mb,"108 km W of El Aguilar, Argentina"
us7000k99e,2023-06-17 22:31:37.479,-34.8682,-70.9831,105.16,4.8,mwr,"16 km E of Teno, Chile"
us7000k99h,2023-06-17 22:52:37.486,-20.5142,-70.5666,35.0,3.5,mb,"Near the coast of Tarapaca, Chile"
us7000k9al,2023-06-18 03:58:39.205,-23.1548,-66.3098,222.105,4.5,mwr,"64 km W of El Aguilar, Argentina"
us7000k9cm,2023-06-18 11:47:57.288,-24.2364,-70.167,60.686,4.2,mb,"68 km SSE of Antofagasta, Chile"
us7000k9e1,2023-06-18 16:26:34.664,-29.8715,-72.0873,10.0,4.2,mb,"72 km W of Coquimbo, Chile"
us7000k9hk,2023-06-19 02:23:08.998,-22.6306,-68.7492,112.469,4.8,mwr,"26 km SE of Calama, Chile"
us7000k9pi,2023-06-19 20:51:21.960,-35.8022,-73.6573,17.943,4.2,mb,"110 km NW of Tomé, Chile"
us7000k9sb,2023-06-20 02:30:30.595,-23.5304,-67.7941,141.65,4.2,mb,"80 km SSE of San Pedro de Atacama, Chile"
us7000k9tr,2023-06-20 09:04:30.291,-22.3167,-67.7945,179.433,4.6,mb,"77 km NNE of San Pedro de Atacama, Chile"
us7000k9xz,2023-06-20 20:28:05.907,-20.4376,-69.0317,107.994,4.4,mb,"66 km E of La Tirana, Chile"
us7000k9yy,2023-06-20 22:20:21.501,-27.9992,-66.6697,185.41,4.3,mb,"55 km SE of Londres, Argentina"
us7000ka5a,2023-06-21 16:19:16.301,-24.2398,-67.1889,171.141,4.1,mb,"88 km W of San Antonio de los Cobres, Argentina"
us7000kaq6,2023-06-23 20:43:48.728,-24.9065,-69.63,87.962,4.0,mb,"102 km ENE of Taltal, Chile"
us7000kat6,2023-06-24 08:50:06.195,-19.4291,-69.3831,102.236,4.3,mwr,"13 km SSE of Camiña, Chile"
us7000kawh,2023-06-24 22:12:11.732,-23.0901,-66.4745,217.805,4.5,mb,"82 km W of El Aguilar, Argentina"
us7000kaxz,2023-06-25 05:21:00.078,-19.8814,-69.136,114.463,4.0,mb,"67 km E of Huara, Chile"
us7000kayj,2023-06-25 08:16:05.726,-20.8808,-68.9453,102.541,4.3,mwr,"81 km WNW of Ollagüe, Chile"
us7000kaz5,2023-06-25 11:34:57.677,-21.6024,-68.4688,133.666,4.8,mwr,"47 km SSW of Ollagüe, Chile"
us7000kazl,2023-06-25 13:26:53.766,-18.1344,-71.6337,25.347,4.4,mwr,"62 km SSW of Pacocha, Peru"
us7000kb1c,2023-06-25 21:40:28.854,-21.6032,-68.4722,136.652,4.3,mb,Chile-Bolivia border region
us7000kb1n,2023-06-25 23:20:13.684,-24.2342,-66.9861,188.608,3.9,mb,"67 km W of San Antonio de los Cobres, Argentina"
us7000kb2i,2023-06-26 02:35:10.203,-24.0184,-66.8811,224.813,4.2,mb,"61 km WNW of San Antonio de los Cobres, Argentina"
us7000kb3i,2023-06-26 08:11:49.827,-27.2384,-67.0184,147.034,4.2,mb,"8 km W of Puerta de Corral Quemado, Argentina"
us6000kn7t,2023-06-26 16:04:03.810,-20.1039,-66.8171,244.425,4.7,mb,"24 km NNE of Colchani, Bolivia"
us6000knar,2023-06-26 20:46:19.287,-24.177,-66.7531,193.353,4.1,mb,"44 km W of San Antonio de los Cobres, Argentina"
us6000knd9,2023-06-27 10:02:21.736,-30.1306,-71.2607,65.536,4.6,mwr,"21 km SSE of Coquimbo, Chile"
us6000knjh,2023-06-28 02:46:57.305,-24.1774,-66.8183,197.167,4.4,mb,"50 km W of San Antonio de los Cobres, Argentina"
us6000kntr,2023-06-29 06:52:33.067,-35.7313,-73.4381,24.546,4.1,mb,"Off the coast of Maule, Chile"
us6000kp6q,2023-06-30 15:16:41.804,-35.7074,-73.3627,10.0,4.2,mb,"95 km WSW of Constitución, Chile"
us6000kpcb,2023-07-01 03:29:25.682,-31.7581,-68.7634,32.179,4.7,mww,"18 km WSW of Pocito, Argentina"
us7000kelm,2023-07-01 03:37:26.560,-24.2121,-67.055,173.135,4.5,mb,"74 km W of San Antonio de los Cobres, Argentina"
us6000kpdt,2023-07-01 07:18:47.584,-23.8742,-66.6738,206.132,4.2,mwr,"52 km NW of San Antonio de los Cobres, Argentina"
us6000kpgp,2023-07-01 15:21:05.813,-24.2294,-67.0029,172.745,4.5,mwr,"69 km W of San Antonio de los Cobres, Argentina"
us6000kpqw,2023-07-02 23:17:11.670,-18.0206,-69.5537,147.563,4.4,mb,"50 km ESE of Palca, Peru"
us6000kprm,2023-07-03 01:50:13.545,-21.109,-68.9181,114.536,4.2,mb,"70 km W of Ollagüe, Chile"
us6000kps6,2023-07-03 04:26:05.735,-21.9763,-68.8392,109.822,4.2,mb,Chile-Bolivia border region
us6000kpsr,2023-07-03 07:43:37.801,-24.3285,-68.8596,103.648,4.4,mwr,"170 km SSW of San Pedro de Atacama, Chile"
us6000kpta,2023-07-03 10:31:03.062,-23.9987,-71.4503,15.735,4.5,mb,"114 km WSW of Antofagasta, Chile"
us6000kpy4,2023-07-03 21:33:46.449,-30.5598,-71.7327,34.417,4.1,mwr,"51 km W of Ovalle, Chile"
us6000kq1i,2023-07-04 15:17:43.236,-23.4231,-69.4697,78.372,4.2,mwr,"Antofagasta, Chile"
us6000kq6w,2023-07-05 10:49:29.295,-24.1307,-67.2191,184.449,4.4,mwr,"91 km W of San Antonio de los Cobres, Argentina"
us6000kqc4,2023-07-05 23:30:20.528,-21.3365,-68.2805,133.561,4.0,mb,"12 km SSW of Ollagüe, Chile"
us6000kqca,2023-07-06 00:31:56.863,-23.8192,-67.7929,135.0,5.8,mww,"108 km SSE of San Pedro de Atacama, Chile"
us6000kqcr,2023-07-06 02:06:40.692,-32.6612,-68.7799,55.469,4.6,mwr,"25 km N of Mendoza, Argentina"
us6000kqey,2023-07-06 10:09:47.181,-21.4924,-68.5422,106.823,4.4,mb,Chile-Bolivia border region
us6000kqnb,2023-07-07 05:37:10.095,-24.2276,-67.359,193.345,4.3,mb,"105 km W of San Antonio de los Cobres, Argentina"
us6000kqp1,2023-07-07 09:17:23.131,-32.7708,-71.9403,24.153,4.5,mb,"41 km NW of Valparaíso, Chile"
us6000kqxk,2023-07-08 03:52:52.057,-32.0641,-71.6732,61.963,4.3,mb,"59 km NW of La Ligua, Chile"
us6000kr5g,2023-07-09 17:11:33.759,-33.2105,-70.3351,99.0,5.7,mww,"30 km ENE of Chicureo Abajo, Chile"
us6000kr7v,2023-07-09 22:04:11.061,-30.203,-71.2956,49.795,4.3,mb,"27 km S of Coquimbo, Chile"
us6000kr8z,2023-07-10 02:09:47.516,-19.3273,-67.3497,231.786,4.2,mb,"77 km SW of Challapata, Bolivia"
us7000ken1,2023-07-10 15:37:46.948,-32.6889,-71.5453,31.176,4.2,mb,"32 km WNW of Hacienda La Calera, Chile"
us7000kers,2023-07-11 01:11:38.650,-33.1192,-72.0885,26.017,4.3,mwr,"43 km WSW of Valparaíso, Chile"
us7000kexg,2023-07-11 18:05:22.166,-24.1784,-67.2908,199.41,4.2,mb,"98 km W of San Antonio de los Cobres, Argentina"
us7000kexj,2023-07-11 18:10:57.600,-24.2535,-67.2588,190.483,4.2,mb,"95 km W of San Antonio de los Cobres, Argentina"
us7000kexx,2023-07-11 18:35:43.684,-38.1573,-73.7902,19.551,4.5,mwr,"Near the coast of Araucania, Chile"
us7000kezc,2023-07-11 21:58:08.191,-24.0929,-66.816,192.81,4.4,mwr,"52 km WNW of San Antonio de los Cobres, Argentina"
us7000kezp,2023-07-11 23:13:19.788,-24.309,-67.093,190.888,4.3,mb,"79 km W of San Antonio de los Cobres, Argentina"
us7000kf12,2023-07-12 05:18:02.997,-21.9543,-68.7781,110.62,4.1,mb,"57 km NNE of Calama, Chile"
us7000kf6z,2023-07-12 17:52:21.110,-42.8156,-74.2089,28.972,4.4,mb,"41 km WSW of Chonchi, Chile"
us7000kfaa,2023-07-12 23:34:40.657,-29.5632,-68.1444,21.682,4.1,mwr,"76 km SW of Chilecito, Argentina"
us7000kfbp,2023-07-13 04:16:56.716,-34.8908,-71.8817,43.946,4.1,mb,"Libertador General Bernardo O'Higgins, Chile"
us7000kfby,2023-07-13 05:22:13.350,-22.448,-67.2816,176.187,4.4,mb,"107 km ENE of San Pedro de Atacama, Chile"
us7000kfcx,2023-07-13 07:40:26.101,-31.7412,-68.051,12.693,4.4,mb,"23 km ESE of Caucete, Argentina"
us7000kfme,2023-07-14 04:20:16.313,-19.967,-66.8877,239.57,4.4,mb,"37 km N of Colchani, Bolivia"
us7000kfn3,2023-07-14 07:38:01.744,-23.7848,-66.6699,199.249,4.4,mb,"Jujuy, Argentina"
us7000kfsh,2023-07-14 17:01:44.273,-33.676,-71.0964,69.741,4.3,mb,"10 km W of El Monte, Chile"
us7000kfuy,2023-07-14 21:51:14.367,-17.4244,-72.557,35.0,4.4,mb,"67 km SW of Islay (Matarani), Peru"
us7000kg4b,2023-07-16 11:24:38.224,-33.2128,-70.3213,104.279,4.1,mb,"31 km ENE of Chicureo Abajo, Chile"
us7000kg6p,2023-07-16 18:18:38.292,-22.9237,-66.5903,216.913,4.3,mwr,"94 km WSW of Abra Pampa, Argentina"
us7000kg9g,2023-07-17 03:05:11.472,-38.1862,-70.4427,186.0,6.6,mww,"19 km SE of Loncopué, Argentina"
us7000kgax,2023-07-17 07:01:48.799,-18.9785,-69.778,95.549,4.4,mb,"46 km ENE of Cuya, Chile"
us7000kgbl,2023-07-17 10:13:46.499,-17.8897,-69.4197,146.168,4.1,mb,"58 km ESE of Palca, Peru"
us7000kgfg,2023-07-17 18:06:27.195,-20.6056,-68.8911,110.191,4.2,mb,"85 km ESE of La Tirana, Chile"
us7000kgnc,2023-07-18 21:08:20.114,-32.8676,-72.212,21.93,4.0,mb,"Off the coast of Valparaiso, Chile"
us7000kgqg,2023-07-19 00:56:38.430,-20.3251,-66.8522,224.268,4.5,mb,"8 km ESE of Colchani, Bolivia"
us7000kgxn,2023-07-19 18:52:33.234,-29.1567,-69.3255,106.077,4.3,mb,"117 km WSW of Vinchina, Argentina"
us7000kh0a,2023-07-20 00:49:53.085,-22.0728,-67.4195,182.284,4.3,mwr,"122 km NE of San Pedro de Atacama, Chile"
us7000kh0x,2023-07-20 03:57:51.390,-22.2665,-67.2997,170.525,4.3,mb,"116 km NE of San Pedro de Atacama, Chile"
us7000kh6a,2023-07-20 17:19:54.387,-20.8526,-68.7955,120.028,4.1,mb,"69 km NW of Ollagüe, Chile"
us7000khbz,2023-07-21 04:06:48.644,-30.5414,-71.6582,34.592,4.5,mwr,"44 km W of Ovalle, Chile"
us7000kheh,2023-07-21 12:04:18.447,-32.4416,-70.873,89.394,4.3,mb,"33 km E of La Ligua, Chile"
us7000khl4,2023-07-22 09:59:32.705,-21.2793,-68.7709,114.922,4.3,mb,"54 km W of Ollagüe, Chile"
us7000khmw,2023-07-22 15:22:03.015,-36.1244,-74.485,10.0,4.1,mb,"139 km WNW of Talcahuano, Chile"
us7000khp7,2023-07-22 21:04:43.357,-31.9318,-72.7639,10.0,3.9,mwr,"154 km WSW of Illapel, Chile"
us7000khrv,2023-07-23 08:09:58.125,-24.2647,-66.945,177.837,4.4,mb,"63 km W of San Antonio de los Cobres, Argentina"
us7000khxt,2023-07-24 08:24:05.948,-34.0649,-70.4104,1.35,4.3,mwr,"25 km ENE of Machalí, Chile"
us7000khz3,2023-07-24 14:44:55.277,-28.167,-67.4371,135.17,4.4,mb,"17 km SE of Tinogasta, Argentina"
us7000ki34,2023-07-24 22:08:44.047,-31.9254,-69.264,113.544,4.3,mb,"65 km SW of Villa Basilio Nievas, Argentina"
us7000ki6w,2023-07-25 11:13:04.554,-35.6278,-71.448,93.688,4.6,mb,"8 km NNW of Colbún, Chile"
us6000kvhw,2023-07-25 14:40:48.385,-17.5762,-70.8369,10.839,4.6,mb,"8 km WNW of Locumba, Peru"
us6000kvki,2023-07-26 02:09:04.718,-27.2177,-70.7967,38.896,4.1,mb,"48 km WNW of Copiapó, Chile"
us6000kvqn,2023-07-26 15:11:25.287,-21.9483,-68.5827,123.882,4.0,mb,"66 km NNE of Calama, Chile"
us6000kxkr,2023-07-26 21:54:13.822,-21.486,-68.0048,134.491,4.3,mb,"38 km SE of Ollagüe, Chile"
us6000kvvm,2023-07-27 11:13:01.677,-26.8267,-70.9902,18.504,4.6,mwr,"88 km NW of Copiapó, Chile"
us6000kwlf,2023-07-30 02:16:24.039,-37.385,-73.0799,45.77,4.8,mwr,"25 km ENE of Curanilahue, Chile"
us6000kwmr,2023-07-30 05:53:23.942,-34.909,-71.7381,56.067,4.4,mb,"38 km W of Rauco, Chile"
us6000kwnk,2023-07-30 08:41:22.748,-22.8534,-68.4206,130.917,4.1,mb,"23 km WNW of San Pedro de Atacama, Chile"
us6000kxm2,2023-07-31 04:16:18.434,-48.5334,-75.6891,10.0,4.1,mb,"273 km WSW of Cochrane, Chile"
us6000kwtf,2023-07-31 07:41:11.723,-24.2746,-67.4303,186.266,4.3,mb,"113 km W of San Antonio de los Cobres, Argentina"
us6000kwxb,2023-07-31 20:55:29.157,-22.1793,-68.7171,114.963,4.5,mb,"Antofagasta, Chile"
us6000kx0e,2023-08-01 08:49:09.138,-23.3091,-66.8615,249.82,4.2,mb,"114 km NNW of San Antonio de los Cobres, Argentina"
us6000kx7l,2023-08-02 00:40:23.530,-18.7657,-71.2514,26.571,4.3,mwr,"Off the coast of Tarapaca, Chile"
us6000kx81,2023-08-02 02:16:21.908,-18.7552,-71.5102,35.0,4.1,mb,"124 km S of Pacocha, Peru"
us6000kx87,2023-08-02 03:22:34.426,-18.968,-67.142,238.648,4.5,mwr,"39 km W of Challapata, Bolivia"
us6000kx95,2023-08-02 05:40:35.232,-22.3324,-69.0353,128.383,4.2,mb,"17 km NW of Calama, Chile"
us6000kx9l,2023-08-02 08:27:33.787,-21.997,-68.6843,132.118,4.3,mb,"56 km NNE of Calama, Chile"
us6000kxbm,2023-08-02 13:45:23.006,-22.0978,-69.9569,73.184,4.1,mb,"24 km E of Tocopilla, Chile"
us6000kxh9,2023-08-03 09:07:17.889,-31.631,-71.7293,33.595,4.0,mwr,"53 km W of Illapel, Chile"
us6000kxqq,2023-08-04 03:08:15.094,-22.1933,-68.6285,126.999,4.1,mb,"42 km NE of Calama, Chile"
us6000kxr7,2023-08-04 06:07:45.022,-29.3762,-68.6632,108.939,4.5,mwr,"81 km SSW of Vinchina, Argentina"
us6000kxse,2023-08-04 12:11:37.377,-32.7849,-67.3865,166.72,4.7,mb,"88 km W of Villa General Roca, Argentina"
us6000ky3n,2023-08-05 12:12:18.693,-41.7041,-73.9474,48.767,4.6,mb,"21 km NNW of Ancud, Chile"
us6000ky4p,2023-08-05 16:48:38.302,-24.2947,-67.1886,174.623,4.4,mb,"88 km W of San Antonio de los Cobres, Argentina"
us6000ky52,2023-08-05 17:38:40.209,-19.5528,-69.0472,100.778,5.1,mww,"Tarapaca, Chile"
us6000ky58,2023-08-05 18:09:14.456,-23.4306,-69.6902,64.869,4.7,mwr,"76 km ENE of Antofagasta, Chile"
us6000ky6p,2023-08-06 00:19:52.763,-19.5521,-66.6829,256.618,4.3,mb,"Oruro-Potosi border region, Bolivia"
us6000kyce,2023-08-06 22:47:04.274,-23.1445,-66.6194,202.947,4.0,mb,"96 km W of El Aguilar, Argentina"
us6000kykn,2023-08-08 04:54:36.263,-19.3346,-69.3993,105.537,4.1,mb,"3 km SE of Camiña, Chile"
us6000kyq4,2023-08-08 19:27:02.258,-33.5366,-71.7363,30.266,4.1,mb,"12 km W of Cartagena, Chile"
us6000kysv,2023-08-09 04:39:31.965,-33.2681,-71.4044,52.722,4.3,mb,"24 km S of Quilpué, Chile"
us6000kz0v,2023-08-10 07:08:47.990,-31.5226,-69.4419,116.041,4.4,mb,"21 km S of Calingasta, Argentina"
us6000kz3v,2023-08-10 17:15:18.751,-20.1725,-69.0781,100.471,4.5,mwr,"63 km ENE of La Tirana, Chile"
us6000kz7v,2023-08-11 10:05:02.843,-30.1685,-72.1897,11.094,3.9,mwr,"85 km WSW of Coquimbo, Chile"
us6000kz96,2023-08-11 15:36:23.076,-22.7806,-66.8101,198.904,4.5,mwr,"114 km W of Abra Pampa, Argentina"
us6000kzj5,2023-08-12 08:32:24.973,-31.2079,-68.3248,98.819,4.3,mb,"29 km NE of San Mart?n, Argentina"
us6000kzm9,2023-08-12 23:52:59.746,-17.254,-68.8806,182.306,4.8,mb,"78 km SSE of Desaguadero, Peru"
us6000kznj,2023-08-13 06:32:50.990,-17.3403,-69.485,166.491,4.1,mb,"59 km E of Chuquitira, Peru"
us6000kzqp,2023-08-13 18:20:43.355,-19.8954,-69.4831,111.851,4.0,mb,"Tarapaca, Chile"
us6000kzre,2023-08-13 21:08:46.677,-30.1611,-71.4309,53.318,4.2,mb,"24 km SSW of Coquimbo, Chile"
us6000kzs7,2023-08-14 00:26:42.920,-24.0787,-67.0856,167.498,4.0,mb,"79 km WNW of San Antonio de los Cobres, Argentina"
us6000l01l,2023-08-15 06:53:22.028,-23.7076,-67.1032,186.854,4.4,mwr,"97 km NW of San Antonio de los Cobres, Argentina"
us6000l02n,2023-08-15 11:52:19.909,-20.4855,-68.9001,105.876,4.1,mb,"80 km ESE of La Tirana, Chile"
us7000knkf,2023-08-15 23:48:11.459,-22.5406,-67.97,150.334,4.1,mb,"47 km NNE of San Pedro de Atacama, Chile"
us7000knre,2023-08-16 13:50:56.638,-22.0446,-70.5177,28.0,4.5,mwr,"33 km W of Tocopilla, Chile"
us7000knsl,2023-08-16 15:55:42.844,-35.8087,-69.8756,169.043,4.5,mwr,"112 km N of Barrancas, Argentina"
us7000knwn,2023-08-17 01:42:20.076,-33.2444,-70.3791,101.698,4.4,mwr,"25 km E of Chicureo Abajo, Chile"
us7000kp63,2023-08-18 05:21:11.108,-20.1849,-69.1798,98.696,4.5,mb,"52 km ENE of La Tirana, Chile"
us7000kpaq,2023-08-18 17:47:44.465,-24.2212,-67.2602,187.694,4.4,mb,Chile-Argentina border region
us7000kqqq,2023-08-18 17:48:43.596,-19.5234,-69.3192,108.571,4.0,mb,"25 km SSE of Camiña, Chile"
us7000kpfz,2023-08-19 10:11:13.859,-24.3382,-67.3168,189.893,4.3,mb,"102 km W of San Antonio de los Cobres, Argentina"
us7000kpl1,2023-08-20 08:20:54.300,-22.8891,-66.2238,245.284,4.3,mwr,"57 km WSW of Abra Pampa, Argentina"
us7000kpmk,2023-08-20 14:20:02.394,-28.7894,-71.4456,38.501,4.1,mb,"71 km WSW of Vallenar, Chile"
us7000kpu5,2023-08-21 08:16:21.639,-38.9552,-70.6648,189.326,4.1,mb,"38 km NE of Aluminé, Argentina"
us7000kpua,2023-08-21 09:19:12.530,-24.269,-67.0567,177.079,4.1,mb,"75 km W of San Antonio de los Cobres, Argentina"
us7000kq2f,2023-08-22 07:45:24.999,-21.5455,-68.4979,103.448,4.7,mwr,"43 km SW of Ollagüe, Chile"
us7000kqbg,2023-08-23 14:02:09.444,-20.4159,-69.1166,85.029,5.2,mww,"57 km E of La Tirana, Chile"
us7000kqjp,2023-08-24 00:56:09.817,-21.6219,-68.1929,167.805,4.2,mb,"44 km S of Ollagüe, Chile"
us7000kqjx,2023-08-24 01:41:39.894,-24.1246,-66.8592,194.14,4.3,mb,"Salta, Argentina"
us7000kqkd,2023-08-24 03:37:08.835,-23.2173,-66.8181,220.961,4.2,mb,"116 km W of El Aguilar, Argentina"
us7000kqkf,2023-08-24 04:06:02.336,-27.972,-66.9448,163.363,4.2,mb,"34 km SSE of Londres, Argentina"
us7000kql9,2023-08-24 06:36:57.943,-33.5555,-70.8327,76.988,4.1,mb,"6 km NE of Peñaflor, Chile"
us7000kqu7,2023-08-24 23:28:54.203,-33.9823,-73.3334,10.0,4.7,mb,"165 km WSW of San Antonio, Chile"
us7000kqvi,2023-08-25 04:13:19.155,-20.4657,-68.7354,110.979,4.3,mb,Chile-Bolivia border region
us7000kr4k,2023-08-26 05:22:56.796,-20.4123,-68.846,128.354,4.2,mb,"85 km E of La Tirana, Chile"
us7000krei,2023-08-28 00:31:28.593,-20.6807,-69.4257,103.865,4.0,mb,"45 km SSE of La Tirana, Chile"
us7000krey,2023-08-28 04:14:46.686,-18.309,-71.5055,35.0,4.9,mww,"75 km SSW of Pacocha, Peru"
us7000krf9,2023-08-28 05:38:06.438,-18.3264,-71.4391,32.395,4.4,mb,"75 km S of Pacocha, Peru"
us7000krgl,2023-08-28 11:48:41.422,-25.9181,-70.9874,63.029,4.4,mb,"Near the coast of Antofagasta, Chile"
us7000krj0,2023-08-28 17:48:19.478,-41.6027,-73.9596,35.0,4.3,mb,"32 km NNW of Ancud, Chile"
us7000krpr,2023-08-28 23:25:01.412,-43.8022,-73.2189,77.393,5.0,mwr,"68 km WNW of La Junta, Chile"
us7000ktg1,2023-08-30 04:40:11.737,-17.155,-70.1077,137.322,4.3,mb,"16 km NNW of Chuquitira, Peru"
us7000ks19,2023-08-30 09:07:16.320,-32.7497,-71.8257,46.77,4.3,mb,"36 km NNW of Valparaíso, Chile"
us7000ks2y,2023-08-30 13:15:01.462,-36.3316,-72.5524,51.688,4.6,mwr,"5 km S of Quirihue, Chile"
us7000ks3e,2023-08-30 14:17:08.049,-29.446,-71.3456,43.104,5.3,mww,"51 km N of La Serena, Chile"
us7000ks45,2023-08-30 14:35:12.926,-29.4569,-71.3597,40.417,4.6,mb,"50 km NNW of La Serena, Chile"
us7000ks53,2023-08-30 16:35:37.179,-22.4342,-69.1354,88.47,4.2,mb,"21 km W of Calama, Chile"
us7000ksh6,2023-08-31 20:00:43.877,-22.0008,-67.2244,185.598,4.2,mb,"136 km SE of Ollagüe, Chile"
us7000kskb,2023-09-01 07:56:41.044,-32.745,-70.39,99.238,4.6,mwr,Chile-Argentina border region
us7000ksse,2023-09-01 23:55:09.114,-24.1685,-66.9573,191.141,4.5,mwr,"65 km W of San Antonio de los Cobres, Argentina"
us7000kswu,2023-09-02 20:28:19.400,-21.5112,-66.7447,211.532,4.4,mb,"83 km SW of Atocha, Bolivia"
us7000kt0r,2023-09-03 12:32:05.264,-24.0738,-66.8224,191.556,4.4,mwr,"53 km WNW of San Antonio de los Cobres, Argentina"
us7000kt2p,2023-09-03 22:16:20.239,-29.0812,-69.6682,107.001,4.3,mb,"120 km ESE of Vallenar, Chile"
us7000kt4h,2023-09-04 06:01:41.557,-31.7864,-71.4949,45.606,4.2,mb,"35 km WSW of Illapel, Chile"
us7000kt7q,2023-09-04 17:46:22.720,-27.1749,-71.1795,27.818,4.4,mb,"86 km WNW of Copiapó, Chile"
us7000kt9j,2023-09-04 22:45:39.310,-24.1252,-66.9459,181.216,4.1,mwr,"64 km W of San Antonio de los Cobres, Argentina"
us7000kt9t,2023-09-04 23:13:32.049,-27.2539,-71.2366,15.752,4.0,mwr,"90 km W of Copiapó, Chile"
us7000ktad,2023-09-05 00:40:45.880,-27.2588,-71.1255,29.145,4.4,mb,"79 km W of Copiapó, Chile"
us7000kte0,2023-09-05 12:12:07.453,-20.0922,-70.2342,40.988,3.9,ml,"16 km NNW of Iquique, Chile"
us7000ktea,2023-09-05 14:30:54.083,-24.8439,-69.0445,92.064,4.0,mb,"158 km ENE of Taltal, Chile"
us7000ktk1,2023-09-06 02:09:18.587,-20.2798,-69.1104,109.635,4.3,mb,"57 km E of La Tirana, Chile"
us7000ktkh,2023-09-06 03:53:17.993,-27.1174,-71.1131,35.0,4.3,mb,"82 km WNW of Copiapó, Chile"
us7000ktnd,2023-09-06 14:37:41.120,-27.1595,-71.2832,14.888,3.9,mwr,"97 km WNW of Copiapó, Chile"
us7000ktti,2023-09-06 23:48:04.632,-30.2737,-71.4817,36.0,6.3,mww,"38 km SSW of Coquimbo, Chile"
us7000ktv0,2023-09-07 04:03:07.191,-21.2332,-70.2046,39.541,4.3,mb,"95 km N of Tocopilla, Chile"
us7000ktvg,2023-09-07 05:40:08.004,-28.7257,-68.5083,99.146,4.7,mwr,"29 km W of Vinchina, Argentina"
us7000ktvy,2023-09-07 07:52:29.426,-24.0546,-69.3804,73.609,4.3,mb,"112 km ESE of Antofagasta, Chile"
us7000ktwh,2023-09-07 10:45:14.276,-30.3005,-71.4909,47.335,4.3,mwr,"41 km SSW of Coquimbo, Chile"
us7000ku3i,2023-09-08 05:21:45.592,-18.7224,-67.9705,184.872,4.4,mb,"93 km NE of Colchane, Chile"
us7000kuem,2023-09-08 21:04:30.399,-38.5891,-69.0198,10.0,4.0,ml,"32 km SW of Añelo, Argentina"
us7000kujm,2023-09-09 08:14:06.451,-32.3781,-69.9801,114.658,4.2,mb,"76 km NE of Los Andes, Chile"
us7000kujq,2023-09-09 08:32:11.251,-21.1673,-69.5552,86.355,3.9,mb,"92 km S of La Tirana, Chile"
us7000kunh,2023-09-09 20:03:14.066,-33.9453,-71.3086,48.728,4.0,mb,"29 km SSW of Melipilla, Chile"
us7000kupv,2023-09-10 00:59:07.774,-21.4094,-68.156,109.635,4.2,mb,"22 km SSE of Ollagüe, Chile"
us7000kus1,2023-09-10 07:38:15.626,-30.0386,-71.2787,60.423,4.4,mwr,"11 km SSE of Coquimbo, Chile"
us7000kusn,2023-09-10 09:55:07.213,-27.9471,-66.5837,161.384,4.6,mb,"48 km SSW of Andalgalá, Argentina"
us7000kusz,2023-09-10 11:08:13.127,-21.5556,-68.4114,131.424,4.2,mb,"40 km SSW of Ollagüe, Chile"
us7000kuvb,2023-09-10 18:55:13.752,-31.3096,-68.7576,111.972,4.6,mb,"26 km WNW of Albardón, Argentina"
us7000kuxt,2023-09-11 01:56:46.922,-32.1213,-71.7525,35.0,4.4,mwr,"61 km NW of La Ligua, Chile"
us7000kuxz,2023-09-11 02:26:53.971,-32.1136,-71.8055,35.0,4.0,mb,"65 km NW of La Ligua, Chile"
us7000kuyb,2023-09-11 04:28:17.572,-29.3055,-68.0901,100.4,4.3,mwr,"59 km WSW of Chilecito, Argentina"
us7000kv1x,2023-09-11 13:37:08.678,-27.1693,-71.1762,21.043,5.5,mww,"86 km WNW of Copiapó, Chile"
us7000kv7t,2023-09-12 04:58:37.914,-20.6565,-68.5181,110.914,5.3,mww,"Tarapaca, Chile"
us7000kv9s,2023-09-12 12:19:01.057,-21.7376,-68.2694,115.275,4.4,mb,"56 km S of Ollagüe, Chile"
us7000kvc8,2023-09-12 18:38:58.203,-24.1383,-66.7531,188.958,4.0,mb,"45 km WNW of San Antonio de los Cobres, Argentina"
us7000kvh4,2023-09-13 07:52:40.464,-22.9324,-66.4345,260.392,4.2,mb,"79 km WSW of Abra Pampa, Argentina"
us7000kvmq,2023-09-14 00:50:16.708,-27.2149,-71.1339,18.251,4.5,mwr,"81 km WNW of Copiapó, Chile"
us7000kvn7,2023-09-14 02:47:26.897,-23.9514,-66.7502,196.847,4.3,mb,"52 km NW of San Antonio de los Cobres, Argentina"
us7000kvps,2023-09-14 08:48:31.243,-19.9426,-69.7741,66.234,3.7,ml,"5 km N of Huara, Chile"
us7000kvp5,2023-09-14 10:38:15.078,-21.8934,-68.5398,123.646,4.3,mb,"73 km NNE of Calama, Chile"
us7000kvqz,2023-09-14 14:40:17.323,-27.1964,-71.1634,19.792,4.4,mb,"84 km WNW of Copiapó, Chile"
us7000kvw3,2023-09-15 03:09:22.648,-20.8089,-69.0017,111.681,4.4,mwr,"86 km SE of La Tirana, Chile"
us7000kvw8,2023-09-15 04:21:05.731,-17.4203,-70.7156,127.651,4.4,mb,"21 km W of Ilabaya, Peru"
us7000kw0l,2023-09-15 18:07:39.552,-27.3052,-71.5671,8.0,5.7,mww,"122 km W of Copiapó, Chile"
us7000kw3d,2023-09-15 22:31:27.680,-21.3453,-67.745,228.258,4.2,mb,"54 km ESE of Ollagüe, Chile"
us7000kw4y,2023-09-16 05:43:40.262,-17.468,-69.5384,172.51,4.3,mb,"51 km E of Estique, Peru"
us7000kw82,2023-09-16 19:08:56.929,-24.3443,-67.1068,166.427,4.4,mwr,"81 km W of San Antonio de los Cobres, Argentina"
us7000kw9k,2023-09-17 02:18:05.291,-37.6948,-75.333,10.0,4.8,mww,"Off the coast of Bio-Bio, Chile"
us7000kw9v,2023-09-17 03:17:57.911,-27.036,-71.4107,10.0,4.1,mwr,"Near the coast of Atacama, Chile"
us7000kw9z,2023-09-17 04:01:46.964,-29.4341,-71.2613,47.896,5.1,mww,"52 km N of La Serena, Chile"
us7000kwcl,2023-09-17 20:03:46.151,-28.2625,-71.2001,46.612,4.1,mwr,"Near the coast of Atacama, Chile"
us7000kwhl,2023-09-18 16:20:15.572,-20.8229,-67.2109,199.116,4.3,mb,"56 km SW of Uyuni, Bolivia"
us7000kwl5,2023-09-19 02:45:38.155,-20.0745,-69.2946,92.877,4.1,mb,"47 km NE of La Tirana, Chile"
us7000kwqc,2023-09-19 18:06:05.318,-24.3449,-67.1005,156.987,4.3,mwr,"80 km W of San Antonio de los Cobres, Argentina"
us7000kwv2,2023-09-20 09:59:02.511,-24.9682,-70.1701,65.524,4.4,mwr,"58 km NNE of Taltal, Chile"
us7000kww2,2023-09-20 14:49:01.051,-24.2473,-67.4079,161.848,4.2,mwr,"110 km W of San Antonio de los Cobres, Argentina"
us7000kx08,2023-09-20 22:38:13.114,-27.282,-71.3227,13.437,4.1,mb,"98 km W of Copiapó, Chile"
us7000kx27,2023-09-21 10:09:24.154,-23.2125,-66.7212,196.047,4.4,mwr,"106 km W of El Aguilar, Argentina"
us7000kx90,2023-09-21 22:49:19.962,-21.8198,-67.1908,194.545,4.4,mwr,"Potosi, Bolivia"
us7000kxb3,2023-09-22 07:56:31.378,-21.1241,-68.758,110.934,4.2,mb,"53 km WNW of Ollagüe, Chile"
us7000kxe5,2023-09-22 14:47:19.869,-28.1915,-70.3869,79.849,4.3,mb,"56 km NE of Vallenar, Chile"
us7000kxip,2023-09-22 20:19:47.377,-22.2624,-68.6524,121.996,4.4,mb,"Antofagasta, Chile"
us7000kxj3,2023-09-22 20:47:01.570,-19.169,-67.2976,210.356,4.4,mb,"62 km WSW of Challapata, Bolivia"
us7000kxkj,2023-09-23 02:09:01.318,-24.3306,-67.0968,164.115,4.4,mb,"79 km W of San Antonio de los Cobres, Argentina"
us7000kxkk,2023-09-23 02:13:00.086,-19.8032,-69.3112,104.887,4.4,mb,"52 km ENE of Huara, Chile"
us7000kxmt,2023-09-23 12:54:26.681,-18.6516,-69.9605,83.998,4.2,mb,"40 km ESE of Arica, Chile"
us7000kxp9,2023-09-23 18:52:31.064,-32.1361,-71.8904,34.916,4.0,mb,"71 km WNW of La Ligua, Chile"
us7000kxpq,2023-09-23 20:16:32.677,-21.1479,-68.7681,125.53,4.3,mwr,"54 km W of Ollagüe, Chile"
us7000kxqv,2023-09-24 00:52:55.249,-27.5768,-67.4662,130.364,4.3,mb,"18 km NE of Fiambalá, Argentina"
us7000kxxr,2023-09-25 05:23:49.473,-24.0406,-67.0843,227.478,4.1,mb,"80 km WNW of San Antonio de los Cobres, Argentina"
us7000ky43,2023-09-26 03:10:29.779,-35.2778,-71.102,100.121,4.3,mb,"24 km SE of Molina, Chile"
us7000ky58,2023-09-26 08:18:00.152,-28.745,-71.4711,26.413,4.1,mwr,"72 km WSW of Vallenar, Chile"
us7000ky68,2023-09-26 09:11:14.093,-20.2432,-69.0398,94.592,4.7,mwr,"65 km E of La Tirana, Chile"
us6000layl,2023-09-26 19:56:13.796,-27.5599,-71.1173,53.63,4.4,mwr,"80 km WSW of Copiapó, Chile"
us6000lazk,2023-09-26 22:17:34.456,-27.3691,-71.5695,10.0,4.2,mwr,"122 km W of Copiapó, Chile"
us6000lb3w,2023-09-27 14:33:39.290,-31.7404,-71.8815,31.182,4.0,mb,"68 km W of Illapel, Chile"
us6000lb8i,2023-09-27 23:02:38.442,-21.4801,-66.5898,234.7,4.0,mb,"71 km SSW of Atocha, Bolivia"
us6000lbbg,2023-09-28 06:57:12.798,-23.786,-70.0969,60.976,4.3,mb,"33 km ESE of Antofagasta, Chile"
us6000lbbr,2023-09-28 08:29:06.438,-31.718,-71.9956,19.359,4.4,mb,"78 km W of Illapel, Chile"
us6000lbkm,2023-09-29 01:54:18.156,-21.0607,-68.8019,104.904,4.3,mwr,"59 km WNW of Ollagüe, Chile"
us6000lbm5,2023-09-29 05:39:43.958,-21.2897,-68.5404,106.712,4.2,mb,"30 km WSW of Ollagüe, Chile"
us6000lbng,2023-09-29 11:55:38.688,-27.7201,-71.4828,14.446,4.1,mwr,"118 km NW of Vallenar, Chile"
us6000lbu5,2023-09-30 01:21:01.282,-23.9944,-66.9859,232.437,4.4,mb,"72 km WNW of San Antonio de los Cobres, Argentina"
us6000lbvb,2023-09-30 05:14:07.087,-24.1541,-66.9736,176.152,4.4,mb,"66 km W of San Antonio de los Cobres, Argentina"
us6000lbxz,2023-09-30 17:44:06.066,-33.7076,-72.5135,7.418,4.3,mwr,"84 km W of San Antonio, Chile"
us6000lby1,2023-09-30 17:53:24.072,-32.1762,-71.9641,19.532,4.2,mwr,"75 km WNW of La Ligua, Chile"
us6000lbyr,2023-09-30 21:28:39.369,-20.6116,-67.9427,170.99,4.4,mb,"75 km NNE of Ollagüe, Chile"
us6000lc5a,2023-10-01 22:13:08.588,-24.0129,-66.7814,198.038,4.4,mwr,"52 km WNW of San Antonio de los Cobres, Argentina"
us6000lc67,2023-10-02 01:03:48.823,-28.6294,-71.2605,41.134,4.0,mwr,"49 km W of Vallenar, Chile"
us6000lc9w,2023-10-02 16:24:50.655,-21.8635,-68.4759,122.196,4.5,mwr,"74 km SSW of Ollagüe, Chile"
us6000lcc6,2023-10-02 21:04:48.107,-35.7801,-73.3689,18.095,4.5,mb,"92 km NW of Quirihue, Chile"
us6000lcnz,2023-10-04 02:03:09.094,-23.9948,-66.8667,198.627,4.3,mb,"60 km WNW of San Antonio de los Cobres, Argentina"
us6000lcp6,2023-10-04 03:01:08.416,-22.7032,-66.2725,258.29,4.0,mb,"59 km W of Abra Pampa, Argentina"
us6000lcp8,2023-10-04 03:09:03.933,-23.7001,-66.9357,203.057,4.3,mb,"85 km NW of San Antonio de los Cobres, Argentina"
us6000lcpq,2023-10-04 04:19:32.175,-27.823,-71.4817,18.056,4.4,mb,"109 km NW of Vallenar, Chile"
us6000lcpw,2023-10-04 04:53:53.651,-18.504,-71.3715,35.0,4.2,mb,"95 km S of Pacocha, Peru"
us6000lcyn,2023-10-05 00:57:38.533,-22.6638,-67.6539,164.81,4.3,mb,"62 km ENE of San Pedro de Atacama, Chile"
us6000ld5t,2023-10-05 17:14:07.523,-24.2995,-67.139,174.465,4.2,mb,"83 km W of San Antonio de los Cobres, Argentina"
us6000ldaj,2023-10-05 22:13:19.803,-20.2301,-68.7105,119.935,4.3,mb,"99 km E of La Tirana, Chile"
us6000ldce,2023-10-06 02:38:27.427,-27.8449,-71.511,10.0,4.6,mwr,"109 km NW of Vallenar, Chile"
us6000ldn1,2023-10-07 00:41:39.582,-43.5792,-74.0903,31.129,4.3,mb,"64 km SW of Quellón, Chile"
us6000ldpb,2023-10-07 06:08:41.653,-25.3741,-68.3368,133.276,4.3,mb,"120 km NW of Antofagasta de la Sierra, Argentina"
us6000ldq5,2023-10-07 08:06:54.817,-21.4215,-71.7704,10.0,4.5,mwr,"178 km WNW of Tocopilla, Chile"
us6000ldvg,2023-10-07 17:57:19.501,-21.6197,-68.5637,139.197,4.4,mb,"54 km SW of Ollagüe, Chile"
us6000ldxh,2023-10-08 01:25:49.840,-34.7145,-71.8498,44.456,4.3,mwr,"45 km W of Santa Cruz, Chile"
us6000ldz5,2023-10-08 07:28:53.795,-21.2095,-69.5051,70.76,4.8,mwr,"98 km S of La Tirana, Chile"
us6000lf3n,2023-10-08 08:27:41.005,-24.1954,-66.9317,184.258,4.3,mb,"62 km W of San Antonio de los Cobres, Argentina"
us6000ldzv,2023-10-08 09:26:52.385,-28.5997,-71.3053,41.09,4.3,mb,"53 km W of Vallenar, Chile"
us6000le03,2023-10-08 10:33:19.465,-35.5145,-71.2707,99.841,4.4,mb,"19 km E of San Clemente, Chile"
us6000le0q,2023-10-08 12:14:39.101,-34.7569,-73.5901,10.0,4.4,mb,"125 km WNW of Constitución, Chile"
us6000le2h,2023-10-08 19:50:23.930,-31.3915,-68.899,113.768,4.2,mb,"23 km NW of Villa Basilio Nievas, Argentina"
us6000le44,2023-10-08 22:41:13.909,-22.9548,-66.3249,235.08,4.5,mwr,"69 km WSW of Abra Pampa, Argentina"
us6000le5b,2023-10-09 02:42:22.206,-21.9424,-68.6403,98.856,4.1,mb,"64 km NNE of Calama, Chile"
us6000le6j,2023-10-09 05:54:09.862,-23.9296,-66.8285,203.712,4.5,mb,"60 km WNW of San Antonio de los Cobres, Argentina"
us6000le8j,2023-10-09 13:03:54.309,-23.6798,-66.8695,216.207,4.2,mb,"81 km NW of San Antonio de los Cobres, Argentina"
us6000lefq,2023-10-10 06:27:37.816,-23.3958,-66.7802,207.232,4.4,mb,"102 km NNW of San Antonio de los Cobres, Argentina"
us6000legn,2023-10-10 10:01:31.660,-22.9147,-66.2547,253.0,6.0,mww,"61 km WSW of Abra Pampa, Argentina"
us6000legx,2023-10-10 10:56:14.740,-20.0106,-71.0045,17.0,4.1,mwr,"91 km WNW of Puerto, Chile"
us6000lep1,2023-10-11 01:56:01.017,-24.1667,-66.8857,182.484,4.3,mb,"57 km W of San Antonio de los Cobres, Argentina"
us6000lepx,2023-10-11 05:29:50.803,-19.2037,-69.3784,108.327,4.8,mwr,"13 km NNE of Camiña, Chile"
us6000lerq,2023-10-11 14:40:22.994,-20.039,-69.1658,97.95,4.3,mb,"60 km ENE of La Tirana, Chile"
us6000lf0i,2023-10-12 06:04:51.360,-39.4706,-72.2819,80.572,4.5,mwr,"19 km NNE of Panguipulli, Chile"
us6000lf0v,2023-10-12 06:55:21.748,-25.3031,-69.1494,122.542,4.2,mb,"134 km E of Taltal, Chile"
us6000lfev,2023-10-13 20:02:10.995,-20.0475,-69.0806,105.125,4.0,mb,"68 km ENE of La Tirana, Chile"
us6000lfja,2023-10-14 11:29:35.676,-20.8012,-70.3104,68.344,4.1,mwr,"60 km SSW of La Tirana, Chile"
us6000lfm7,2023-10-14 22:32:26.029,-19.5909,-68.7679,127.777,4.4,mb,"37 km SSW of Colchane, Chile"
us6000lfsy,2023-10-15 23:12:50.950,-23.3565,-69.3127,85.836,4.3,mb,"107 km SSW of Calama, Chile"
us6000lfti,2023-10-16 00:53:37.637,-23.0788,-66.6342,216.927,4.6,mwr,"98 km W of El Aguilar, Argentina"
us6000lfv3,2023-10-16 08:47:54.464,-27.3648,-69.8694,98.693,4.2,mb,"45 km E of Copiapó, Chile"
us6000lfyf,2023-10-16 18:33:19.762,-24.5208,-67.0178,172.59,5.0,mww,"78 km WSW of San Antonio de los Cobres, Argentina"
us6000lfyi,2023-10-16 18:49:03.570,-29.3498,-68.2581,35.013,4.3,mwr,"65 km S of Vinchina, Argentina"
us6000lg23,2023-10-17 02:35:16.569,-36.0983,-69.9225,172.653,4.6,mb,"80 km N of Barrancas, Argentina"
us6000lg2s,2023-10-17 05:12:23.176,-21.8343,-68.6281,136.061,4.3,mb,"75 km NNE of Calama, Chile"
us6000lg7y,2023-10-17 20:52:36.928,-30.313,-72.0939,8.362,4.2,mwr,"82 km WSW of Coquimbo, Chile"
us6000lg8c,2023-10-17 21:45:30.503,-24.221,-66.9054,186.696,4.3,mb,"59 km W of San Antonio de los Cobres, Argentina"
us6000lga5,2023-10-18 02:37:05.584,-23.6019,-66.9402,229.531,4.4,mb,"93 km NW of San Antonio de los Cobres, Argentina"
us6000lghe,2023-10-19 00:21:21.300,-21.7859,-67.2406,177.339,4.2,mb,"121 km ESE of Ollagüe, Chile"
us6000lghw,2023-10-19 02:31:56.980,-24.192,-68.096,113.222,4.3,mb,"142 km S of San Pedro de Atacama, Chile"
us6000lgqp,2023-10-19 20:51:14.980,-27.4256,-66.2733,10.0,4.6,mb,"17 km NNE of Andalgalá, Argentina"
us6000lgr3,2023-10-19 21:23:54.996,-29.4204,-68.4951,107.813,4.2,mb,"78 km SSW of Vinchina, Argentina"
us6000lgse,2023-10-20 02:03:20.202,-20.4149,-68.9087,111.674,4.5,mb,"78 km E of La Tirana, Chile"
us6000lgtd,2023-10-20 04:43:23.557,-28.1083,-71.4879,42.718,4.5,mb,"88 km NW of Vallenar, Chile"
us6000lgtn,2023-10-20 05:44:13.032,-31.4791,-69.2643,119.86,4.3,mb,"21 km SE of Calingasta, Argentina"
us6000lgyz,2023-10-20 16:05:08.767,-24.3044,-67.1852,166.629,4.3,mwr,"88 km W of San Antonio de los Cobres, Argentina"
us6000lgz0,2023-10-20 16:18:01.245,-30.2082,-71.8418,47.486,4.5,mb,"56 km WSW of Coquimbo, Chile"
us6000lgz3,2023-10-20 16:56:52.451,-22.11,-67.3518,178.024,4.6,mwr,"124 km NE of San Pedro de Atacama, Chile"
us6000lgzs,2023-10-20 18:34:28.817,-17.9029,-68.217,208.326,4.5,mb,"23 km E of Curahuara de Carangas, Bolivia"
us6000lh2f,2023-10-21 02:23:16.522,-22.4891,-68.5199,133.073,4.4,mb,"41 km E of Calama, Chile"
us6000lh3x,2023-10-21 06:01:14.148,-36.9246,-72.8578,38.234,4.2,mb,"15 km E of Chiguayante, Chile"
us6000lh4h,2023-10-21 08:33:40.982,-22.812,-68.5212,120.895,4.3,mb,"34 km WNW of San Pedro de Atacama, Chile"
us6000lh4u,2023-10-21 09:18:58.561,-19.2047,-69.3991,106.894,4.2,mb,"12 km NNE of Camiña, Chile"
us6000lh77,2023-10-21 20:01:07.356,-28.7412,-67.2082,135.295,4.2,mb,"44 km WSW of Arauco, Argentina"
us6000lhah,2023-10-22 10:38:03.277,-22.9101,-69.3131,85.01,4.3,mb,"64 km SW of Calama, Chile"
us6000lhd0,2023-10-22 22:22:19.918,-22.5131,-66.1162,259.453,4.3,mb,"48 km WNW of Abra Pampa, Argentina"
us6000lhfy,2023-10-23 08:17:17.360,-32.1742,-70.1639,110.115,4.3,mb,"82 km NE of San Felipe, Chile"
us6000lhgg,2023-10-23 10:24:36.875,-31.2653,-68.6445,107.013,4.5,mb,"22 km NNW of Albardón, Argentina"
us7000l5ww,2023-10-24 04:33:21.693,-20.219,-69.2691,98.86,4.1,mb,"42 km ENE of La Tirana, Chile"
us7000l5yj,2023-10-24 11:21:07.890,-22.307,-67.5908,164.152,4.0,mb,"91 km NE of San Pedro de Atacama, Chile"
us7000l60k,2023-10-24 15:46:06.126,-27.8851,-66.8343,154.716,4.0,mb,"35 km ESE of Londres, Argentina"
us7000l61i,2023-10-24 18:21:31.985,-23.9914,-67.3895,219.578,4.0,mb,"111 km WNW of San Antonio de los Cobres, Argentina"
us7000l664,2023-10-25 06:37:01.801,-23.6253,-66.8264,226.724,4.3,mb,"83 km NW of San Antonio de los Cobres, Argentina"
us7000l68m,2023-10-25 13:07:59.728,-24.2136,-67.3041,202.579,4.2,mb,"100 km W of San Antonio de los Cobres, Argentina"
us7000l6er,2023-10-26 02:37:11.554,-31.6814,-69.7701,130.517,4.3,mb,"50 km SW of Calingasta, Argentina"
us7000l6nl,2023-10-26 21:49:34.521,-28.7053,-70.2597,101.15,5.4,mww,"50 km ESE of Vallenar, Chile"
us7000l6p2,2023-10-26 22:26:09.601,-28.6971,-70.3084,100.051,4.2,mb,"46 km ESE of Vallenar, Chile"
us7000l6pg,2023-10-26 23:01:13.249,-21.7967,-68.6761,133.563,4.4,mb,"76 km SW of Ollagüe, Chile"
us7000l6qn,2023-10-27 03:22:48.322,-34.7734,-73.8714,10.0,4.6,mb,"146 km WNW of Constitución, Chile"
us7000l71r,2023-10-28 01:20:19.909,-24.5799,-67.7221,126.283,4.5,mb,"147 km WSW of San Antonio de los Cobres, Argentina"
us7000l8cv,2023-10-28 01:20:57.050,-24.1891,-66.9956,175.678,4.5,mb,"68 km W of San Antonio de los Cobres, Argentina"
us7000l75k,2023-10-28 09:59:22.666,-20.0752,-68.9367,108.502,4.8,mb,"80 km ENE of La Tirana, Chile"
us7000l78j,2023-10-28 19:17:37.169,-21.9073,-69.7922,70.583,4.4,mwr,"46 km ENE of Tocopilla, Chile"
us7000l78s,2023-10-28 20:14:54.235,-21.1985,-68.6808,120.453,3.9,mb,"44 km W of Ollagüe, Chile"
us7000l7cl,2023-10-29 08:34:12.022,-30.0093,-71.3358,70.548,4.3,mwr,"6 km S of Coquimbo, Chile"
us7000l7dz,2023-10-29 15:36:11.770,-21.1476,-68.947,109.333,4.1,mb,"72 km W of Ollagüe, Chile"
us7000l7ec,2023-10-29 17:37:37.999,-22.7797,-66.3704,223.225,4.4,mb,"69 km W of Abra Pampa, Argentina"
us7000l7ek,2023-10-29 18:51:09.184,-28.065,-67.2706,130.857,4.5,mb,"28 km E of Tinogasta, Argentina"
us7000l7ig,2023-10-30 08:49:46.962,-32.8119,-70.1898,116.803,4.4,mwr,"38 km E of Los Andes, Chile"
us7000l7m5,2023-10-30 21:01:52.165,-51.2482,-73.9952,9.675,4.3,mb,"116 km WNW of Puerto Natales, Chile"
us7000l7qn,2023-10-31 10:04:51.861,-24.0405,-66.9592,221.903,4.4,mb,"68 km WNW of San Antonio de los Cobres, Argentina"
us7000l7si,2023-10-31 12:33:43.732,-28.7431,-71.5573,34.0,6.6,mww,"80 km WSW of Vallenar, Chile"
us7000l7x0,2023-10-31 20:29:41.967,-24.0624,-67.0259,215.598,4.3,mb,"73 km WNW of San Antonio de los Cobres, Argentina"
us7000l7z0,2023-11-01 00:55:43.823,-24.0105,-66.9757,225.164,4.1,mb,"70 km WNW of San Antonio de los Cobres, Argentina"
us7000l887,2023-11-02 00:55:11.298,-27.8809,-71.305,24.723,4.0,mwr,"93 km NW of Vallenar, Chile"
us7000l88m,2023-11-02 03:35:56.594,-24.047,-66.6168,210.883,4.3,mb,"35 km WNW of San Antonio de los Cobres, Argentina"
us7000l893,2023-11-02 05:27:15.902,-24.9839,-71.0027,23.255,4.3,mb,"70 km NW of Taltal, Chile"
us7000l897,2023-11-02 06:29:07.310,-32.5487,-71.7453,49.692,4.0,mb,"49 km WSW of La Ligua, Chile"
us7000l8eq,2023-11-02 18:53:01.998,-27.8512,-71.2666,21.044,4.3,mb,"94 km NNW of Vallenar, Chile"
us7000l8gp,2023-11-02 23:43:02.195,-45.6661,-74.5845,27.0,4.2,mb,"139 km W of Puerto Chacabuco, Chile"
us7000l8iw,2023-11-03 07:37:40.929,-29.9953,-72.0053,30.474,4.6,mwr,"64 km W of Coquimbo, Chile"
us7000l903,2023-11-05 12:30:33.271,-33.4731,-68.6848,49.912,3.8,mwr,"47 km SSW of San Martín, Argentina"
us7000l90p,2023-11-05 13:48:51.393,-24.3501,-67.0952,182.296,4.4,mwr,"80 km W of San Antonio de los Cobres, Argentina"
us7000l91b,2023-11-05 15:48:11.173,-20.2143,-70.1323,49.692,3.3,ml,"0 km E of Hospital, Chile"
us7000l951,2023-11-06 13:51:10.755,-33.0743,-71.9579,30.868,5.1,mww,"30 km W of Valparaíso, Chile"
us7000l99j,2023-11-07 01:00:31.321,-49.9916,-73.2752,10.0,4.2,mb,"81 km WNW of El Calafate, Argentina"
us7000l9ai,2023-11-07 05:52:33.987,-23.1664,-67.8738,167.738,4.2,mb,"43 km SE of San Pedro de Atacama, Chile"
us7000l9b9,2023-11-07 09:04:40.798,-21.1109,-68.9449,112.231,4.6,mwr,"72 km W of Ollagüe, Chile"
us7000l9eh,2023-11-07 18:25:31.296,-20.7805,-69.1596,112.732,4.3,mb,"71 km SE of La Tirana, Chile"
us7000l9jn,2023-11-08 10:59:43.923,-22.072,-68.7576,102.879,4.4,mwr,"Antofagasta, Chile"
us7000l9qs,2023-11-08 23:45:51.192,-23.0784,-68.0993,124.646,4.6,mb,"21 km SSE of San Pedro de Atacama, Chile"
us7000l9rg,2023-11-09 03:36:27.217,-23.5001,-69.7055,65.932,4.3,mb,"72 km ENE of Antofagasta, Chile"
us7000l9rl,2023-11-09 04:13:23.219,-24.3434,-67.1692,176.224,4.3,mb,"87 km W of San Antonio de los Cobres, Argentina"
us7000l9tr,2023-11-09 12:01:12.044,-21.8592,-68.7362,141.343,4.4,mb,"68 km NNE of Calama, Chile"
us7000l9u4,2023-11-09 13:05:12.695,-18.4406,-70.7533,69.715,4.4,mwr,"48 km W of Arica, Chile"
us7000la3e,2023-11-10 15:27:38.638,-28.7082,-71.593,42.348,4.7,mwr,"82 km W of Vallenar, Chile"
us7000la5m,2023-11-10 17:29:54.908,-28.6754,-69.8464,105.807,4.4,mb,"89 km E of Vallenar, Chile"
us7000la8i,2023-11-10 21:41:12.111,-19.5428,-66.9419,256.874,4.4,mb,"73 km SSW of Challapata, Bolivia"
us7000laa6,2023-11-11 02:41:17.697,-24.151,-67.074,195.223,4.2,mb,"77 km W of San Antonio de los Cobres, Argentina"
us7000labe,2023-11-11 07:03:34.876,-34.9559,-71.6043,54.239,4.4,mb,"26 km W of Rauco, Chile"
us7000labm,2023-11-11 08:12:30.387,-21.4558,-66.7777,234.284,4.3,mb,"81 km SW of Atocha, Bolivia"
us7000labp,2023-11-11 08:25:06.503,-23.3025,-68.2745,96.425,4.4,mb,"43 km S of San Pedro de Atacama, Chile"
us7000laeb,2023-11-11 23:15:22.358,-21.9602,-68.7116,113.784,4.7,mb,"59 km NNE of Calama, Chile"
us7000laem,2023-11-12 01:33:27.761,-24.1896,-66.8192,190.019,4.4,mb,"50 km W of San Antonio de los Cobres, Argentina"
us7000lagv,2023-11-12 11:44:15.456,-34.9013,-71.6535,50.95,4.2,mb,"30 km W of Rauco, Chile"
us7000lah7,2023-11-12 13:30:23.266,-23.4589,-70.7351,30.656,4.4,mb,"40 km WNW of Antofagasta, Chile"
us7000laq3,2023-11-13 17:48:18.721,-31.6119,-71.876,30.96,4.2,mb,"67 km W of Illapel, Chile"
us6000lnf5,2023-11-14 20:46:11.125,-23.946,-66.792,217.226,4.2,mb,"56 km WNW of San Antonio de los Cobres, Argentina"
us6000lnh6,2023-11-15 03:59:13.393,-30.1961,-69.4018,117.991,4.5,mb,"63 km W of San José de Jáchal, Argentina"
us6000lnjc,2023-11-15 16:31:28.911,-22.7972,-68.8542,102.98,4.2,mb,"38 km S of Calama, Chile"
us6000lnml,2023-11-15 18:50:36.127,-24.1567,-70.2977,35.0,4.3,mb,"56 km S of Antofagasta, Chile"
us6000lnp8,2023-11-15 21:15:10.838,-21.9416,-68.6679,132.326,4.1,mb,"62 km NNE of Calama, Chile"
us6000lnqg,2023-11-15 23:50:29.708,-21.7461,-68.3736,112.776,4.7,mwr,"59 km SSW of Ollag?e, Chile"
us6000lnxi,2023-11-16 18:13:28.837,-21.1444,-68.687,115.611,4.5,mb,"45 km WNW of Ollagüe, Chile"
us6000lp0b,2023-11-17 02:32:23.823,-24.4088,-67.0827,178.927,4.3,mb,"80 km WSW of San Antonio de los Cobres, Argentina"
us6000lp9m,2023-11-18 04:07:24.990,-23.1387,-69.1374,106.885,4.2,mb,"78 km SSW of Calama, Chile"
us6000lpcr,2023-11-18 19:07:43.385,-35.011,-71.9394,46.436,4.3,mb,"52 km NNW of Talca, Chile"
us6000lpg1,2023-11-19 12:53:41.922,-20.3139,-69.177,101.222,4.3,mb,"50 km E of La Tirana, Chile"
us6000lpgd,2023-11-19 14:35:59.671,-21.0748,-68.4519,135.214,4.5,mb,"26 km NW of Ollagüe, Chile"
us6000lpiv,2023-11-20 00:40:59.984,-20.0614,-69.2943,118.006,4.5,mb,"48 km NE of La Tirana, Chile"
us6000lpj5,2023-11-20 01:47:09.922,-31.6823,-69.1199,114.739,4.8,mb,"39 km WSW of Villa Basilio Nievas, Argentina"
us6000lpl6,2023-11-20 10:37:14.287,-24.2489,-67.0131,185.593,4.2,mb,"70 km W of San Antonio de los Cobres, Argentina"
us6000lpmq,2023-11-20 18:16:47.100,-32.2268,-70.1686,115.828,4.7,mb,"78 km NE of San Felipe, Chile"
us6000lpmu,2023-11-20 18:30:18.877,-31.7061,-72.1485,10.28,4.4,mwr,"93 km W of Illapel, Chile"
us6000lpnu,2023-11-20 21:03:09.540,-30.7793,-71.4165,49.857,4.9,mwr,"28 km SW of Ovalle, Chile"
us6000lpsr,2023-11-21 10:05:50.291,-19.0151,-67.2771,234.584,4.4,mb,"54 km WSW of Challapata, Bolivia"
us6000lpta,2023-11-21 12:47:43.899,-30.2073,-71.2404,70.239,4.6,mb,"29 km SSE of Coquimbo, Chile"
us6000lpvi,2023-11-21 17:31:48.326,-24.2649,-67.1992,160.935,4.2,mwr,"89 km W of San Antonio de los Cobres, Argentina"
us6000lpzx,2023-11-22 04:38:35.921,-24.1343,-67.1942,199.792,4.3,mb,"89 km W of San Antonio de los Cobres, Argentina"
us6000lq0y,2023-11-22 07:21:03.691,-22.8815,-68.9886,106.556,4.6,mb,"47 km S of Calama, Chile"
us6000lq5y,2023-11-22 21:33:54.657,-24.357,-67.0299,163.957,4.4,mb,"73 km WSW of San Antonio de los Cobres, Argentina"
us6000lq6a,2023-11-22 22:22:19.222,-21.2894,-67.2096,197.681,4.3,mb,"100 km SSW of Uyuni, Bolivia"
us6000lq9i,2023-11-23 13:46:35.846,-21.2392,-69.729,49.342,4.1,mb,"100 km S of La Tirana, Chile"
us6000lq9x,2023-11-23 15:24:09.265,-24.154,-67.2941,201.135,4.4,mb,"99 km W of San Antonio de los Cobres, Argentina"
us6000lqa1,2023-11-23 15:37:08.536,-21.9263,-68.4252,105.437,5.2,mww,"78 km NE of Calama, Chile"
us6000lqjw,2023-11-24 18:46:28.388,-35.7962,-71.4984,91.493,4.3,mb,"10 km ENE of Linares, Chile"
us6000lqle,2023-11-25 00:12:16.775,-22.7343,-66.1667,248.031,4.3,mb,"48 km W of Abra Pampa, Argentina"
us6000lqls,2023-11-25 01:52:12.695,-31.6902,-72.1951,10.0,4.4,mb,"97 km W of Illapel, Chile"
us6000lqpf,2023-11-25 12:56:54.263,-18.2229,-69.7167,114.517,4.5,mb,"55 km SSE of Palca, Peru"
us6000lqq5,2023-11-25 16:13:04.370,-21.2754,-68.7617,126.828,4.1,mb,"53 km W of Ollagüe, Chile"
us6000lqvd,2023-11-26 13:33:30.809,-21.4428,-68.8354,96.353,4.5,mwr,"65 km WSW of Ollagüe, Chile"
us6000lqwj,2023-11-26 18:27:41.350,-28.3531,-71.4571,25.796,4.2,mwr,"72 km WNW of Vallenar, Chile"
us6000lqwn,2023-11-26 18:52:31.548,-28.3495,-71.5434,22.195,3.9,mwr,"80 km WNW of Vallenar, Chile"
us6000lqx4,2023-11-26 20:44:32.097,-23.983,-67.0408,169.393,4.7,mwr,"77 km WNW of San Antonio de los Cobres, Argentina"
us6000lqxa,2023-11-26 21:32:46.925,-22.6873,-66.3445,250.69,4.1,mb,"66 km W of Abra Pampa, Argentina"
us6000lqxj,2023-11-26 23:06:13.746,-28.422,-71.4392,24.67,4.5,mwr,"68 km WNW of Vallenar, Chile"
us6000lqy9,2023-11-27 00:45:50.373,-28.3867,-71.5473,22.299,3.7,mwr,"79 km WNW of Vallenar, Chile"
us6000lqyt,2023-11-27 02:36:27.821,-24.3315,-67.0556,177.651,4.6,mb,"75 km W of San Antonio de los Cobres, Argentina"
us6000lqz7,2023-11-27 03:27:51.567,-30.9696,-71.657,67.617,4.2,mb,"59 km SW of Ovalle, Chile"
us6000lr0w,2023-11-27 10:08:25.029,-24.5424,-70.003,59.186,4.9,mww,"106 km SSE of Antofagasta, Chile"
us6000lr3x,2023-11-27 19:38:09.059,-21.3366,-69.0276,120.804,4.2,mb,"81 km W of Ollagüe, Chile"
us7000le6h,2023-11-27 21:02:54.539,-25.0341,-69.0348,117.09,4.4,mb,"151 km ENE of Taltal, Chile"
us7000le97,2023-11-28 05:38:19.598,-32.1573,-71.4947,45.874,4.6,mwr,"41 km NW of La Ligua, Chile"
us7000lepj,2023-11-30 03:05:37.766,-21.2515,-68.7951,115.909,4.5,mwr,"56 km W of Ollagüe, Chile"
us7000leqc,2023-11-30 07:22:36.669,-21.4144,-67.848,151.619,4.7,mb,"47 km ESE of Ollagüe, Chile"
us7000lf24,2023-12-01 07:25:24.743,-21.4045,-66.6252,226.42,4.1,mb,"66 km SW of Atocha, Bolivia"
us7000lf2j,2023-12-01 08:45:08.656,-19.7642,-69.1087,118.249,5.0,mb,"60 km SSE of Camiña, Chile"
us7000lfb6,2023-12-02 07:14:57.874,-33.746,-68.5292,11.093,4.2,mb,"73 km S of San Martín, Argentina"
us7000lfbb,2023-12-02 07:55:41.005,-19.2172,-69.1694,112.0,5.8,mww,"28 km ENE of Camiña, Chile"
us7000lfbl,2023-12-02 09:31:32.806,-24.5114,-70.4173,41.075,4.9,mww,"95 km S of Antofagasta, Chile"
us7000lfc2,2023-12-02 11:02:53.644,-23.9643,-66.6284,192.362,4.5,mb,"42 km NW of San Antonio de los Cobres, Argentina"
us7000lfqa,2023-12-03 01:46:40.668,-19.9918,-69.0689,106.78,4.2,mb,"72 km ENE of La Tirana, Chile"
us7000lfrf,2023-12-03 05:06:14.733,-21.7533,-68.8046,102.912,4.2,mb,"78 km N of Calama, Chile"
us7000lftf,2023-12-03 10:09:57.314,-22.5982,-66.0717,258.936,4.3,mb,"40 km WNW of Abra Pampa, Argentina"
us7000lfwl,2023-12-03 14:41:44.362,-31.7813,-67.102,126.316,4.3,mb,"112 km E of Caucete, Argentina"
us7000lg0l,2023-12-04 00:49:46.907,-24.4803,-69.251,76.932,4.2,mb,"148 km SE of Antofagasta, Chile"
us7000lg2s,2023-12-04 08:42:05.548,-17.5151,-69.9741,135.454,4.4,mb,"5 km ENE of Estique, Peru"
us7000lgau,2023-12-05 02:55:43.416,-24.258,-67.2223,208.446,4.4,mb,"91 km W of San Antonio de los Cobres, Argentina"
us7000lgc9,2023-12-05 06:33:10.974,-28.9207,-73.4465,10.0,4.4,mb,"234 km WNW of Coquimbo, Chile"
us7000lgmz,2023-12-06 12:50:11.626,-31.3757,-68.6805,116.197,4.2,mb,"16 km WNW of Albardón, Argentina"
us7000lgrr,2023-12-06 21:43:09.370,-24.3426,-67.2906,185.556,4.2,mb,"99 km W of San Antonio de los Cobres, Argentina"
us7000lgwa,2023-12-07 11:46:09.443,-27.8454,-66.7327,159.452,4.4,mb,"42 km ESE of Londres, Argentina"
us7000lh82,2023-12-08 03:40:11.505,-24.2844,-66.9245,181.619,4.4,mb,"61 km W of San Antonio de los Cobres, Argentina"
us7000lhan,2023-12-08 11:41:04.604,-18.8495,-69.4404,116.94,4.4,mb,"51 km N of Camiña, Chile"
us7000lhg4,2023-12-08 14:58:39.397,-24.0804,-66.7044,193.708,4.6,mb,"42 km WNW of San Antonio de los Cobres, Argentina"
us7000lhjs,2023-12-08 17:43:03.465,-25.3,-68.9894,112.927,4.5,mwr,"151 km E of Taltal, Chile"
us7000lhk2,2023-12-08 18:20:20.011,-17.1942,-71.7848,100.612,4.0,mb,"2 km SSE of Punta de Bombón, Peru"
us7000lhmp,2023-12-08 23:39:48.629,-19.2682,-67.2411,226.866,4.5,mb,"63 km SW of Challapata, Bolivia"
us7000lhne,2023-12-09 03:59:19.892,-23.0294,-68.2617,134.862,4.7,mb,"14 km SSW of San Pedro de Atacama, Chile"
us7000lhnw,2023-12-09 04:49:44.615,-45.7602,-75.8158,10.515,5.2,mww,"236 km W of Puerto Chacabuco, Chile"
us7000lhny,2023-12-09 05:04:55.316,-45.7881,-75.913,5.398,4.6,mb,"244 km W of Puerto Chacabuco, Chile"
us7000lht5,2023-12-09 18:48:19.637,-23.9769,-67.2875,233.05,4.1,mb,"102 km WNW of San Antonio de los Cobres, Argentina"
us7000lht9,2023-12-09 20:54:23.791,-25.495,-70.8523,35.0,4.3,mb,"38 km WSW of Taltal, Chile"
us7000lhuf,2023-12-10 01:29:10.831,-32.494,-69.9668,112.751,4.5,mb,"70 km ENE of Los Andes, Chile"
us7000li02,2023-12-11 00:46:14.694,-37.29,-71.033,160.731,4.2,mb,"34 km WSW of Andacollo, Argentina"
us7000li04,2023-12-11 00:48:24.995,-24.3805,-67.3053,195.605,4.5,mb,"101 km W of San Antonio de los Cobres, Argentina"
us7000li0e,2023-12-11 02:14:03.403,-17.6334,-69.6888,152.05,4.5,mb,"32 km ENE of Palca, Peru"
us7000li0i,2023-12-11 03:01:30.041,-23.2722,-68.1134,130.463,4.4,mb,"40 km SSE of San Pedro de Atacama, Chile"
us7000li16,2023-12-11 06:41:45.427,-28.8013,-71.2872,45.292,4.4,mb,"57 km WSW of Vallenar, Chile"
us7000li25,2023-12-11 09:56:32.438,-24.1095,-66.861,221.084,4.3,mb,"56 km WNW of San Antonio de los Cobres, Argentina"
usd001097k,2023-12-11 18:35:59.877,-24.0849,-66.7812,191.769,5.5,mww,"49 km WNW of San Antonio de los Cobres, Argentina"
us7000limf,2023-12-13 13:36:34.848,-24.176,-66.9938,177.247,4.4,mb,"68 km W of San Antonio de los Cobres, Argentina"
us7000liqw,2023-12-13 18:34:27.985,-29.3269,-67.8716,114.83,4.3,mb,"40 km WSW of Chilecito, Argentina"
us7000liqx,2023-12-13 18:51:35.916,-24.2295,-66.8452,199.341,4.3,mb,"53 km W of San Antonio de los Cobres, Argentina"
us7000liru,2023-12-13 21:25:55.290,-27.7315,-71.16,28.611,4.2,mb,"91 km WSW of Copiapó, Chile"
us7000lium,2023-12-14 05:04:54.931,-21.7656,-66.2007,247.478,4.2,mb,"61 km SW of Tupiza, Bolivia"
us7000liz5,2023-12-14 14:57:30.865,-24.0695,-66.8093,189.669,5.2,mww,"52 km WNW of San Antonio de los Cobres, Argentina"
us7000ljfl,2023-12-16 02:06:28.254,-24.3273,-67.0924,170.476,4.3,mb,"79 km W of San Antonio de los Cobres, Argentina"
us7000ljha,2023-12-16 09:08:19.886,-24.1721,-67.0946,195.795,4.4,mb,"78 km W of San Antonio de los Cobres, Argentina"
us7000ljl1,2023-12-16 22:15:43.783,-37.1166,-74.0507,10.58,4.6,mwr,"64 km NNW of Lebu, Chile"
us7000ljpe,2023-12-17 15:07:20.519,-24.3373,-67.2536,180.73,4.4,mb,"95 km W of San Antonio de los Cobres, Argentina"
us7000ljsb,2023-12-18 03:25:22.128,-19.525,-69.2881,104.835,4.1,mb,"27 km SSE of Camiña, Chile"
us7000ljt6,2023-12-18 06:51:37.062,-22.568,-67.7855,158.972,4.7,mb,"57 km NE of San Pedro de Atacama, Chile"
us7000lk1f,2023-12-19 12:41:38.916,-19.1741,-66.9934,245.829,4.2,mb,"38 km SW of Challapata, Bolivia"
us7000lk6c,2023-12-19 20:44:23.330,-19.0006,-69.6183,105.844,4.1,mb,"40 km NNW of Camiña, Chile"
us7000lk91,2023-12-20 03:58:35.093,-20.4413,-69.2172,102.148,4.3,mb,"47 km ESE of La Tirana, Chile"
us7000lkaa,2023-12-20 08:59:35.658,-24.0352,-66.6992,206.192,4.2,mb,"43 km WNW of San Antonio de los Cobres, Argentina"
us7000lkbt,2023-12-20 12:39:49.670,-21.4324,-68.621,113.044,4.6,mb,"44 km WSW of Ollagüe, Chile"
us7000lkcx,2023-12-20 15:08:25.627,-20.2662,-68.8221,104.064,4.2,mb,"87 km E of La Tirana, Chile"
us7000lkip,2023-12-21 02:33:20.170,-20.8639,-68.8837,116.007,4.1,mb,"76 km WNW of Ollagüe, Chile"
us6000m1g8,2023-12-21 10:33:23.222,-20.9444,-66.718,220.203,4.3,mb,"51 km W of Atocha, Bolivia"
us7000lkpg,2023-12-21 16:21:52.033,-21.8997,-70.1585,61.708,5.6,mww,"21 km N of Tocopilla, Chile"
us7000lkq0,2023-12-21 19:09:04.877,-30.7428,-71.3788,49.783,4.2,mwr,"23 km SW of Ovalle, Chile"
us7000lkt7,2023-12-22 04:02:02.923,-24.0971,-66.7385,188.569,4.1,mb,"44 km WNW of San Antonio de los Cobres, Argentina"
us7000lky5,2023-12-22 19:02:44.842,-22.8368,-66.255,245.19,4.2,mb,"58 km WSW of Abra Pampa, Argentina"
us7000ll0l,2023-12-23 02:46:54.505,-24.1659,-66.7922,196.834,4.2,mb,"48 km W of San Antonio de los Cobres, Argentina"
us7000ll4d,2023-12-23 18:48:25.412,-28.378,-71.4881,28.33,4.6,mb,"74 km WNW of Vallenar, Chile"
us7000ll6h,2023-12-24 03:23:43.259,-38.0746,-73.8923,16.0,5.8,mww,"53 km SW of Cañete, Chile"
us7000ll6w,2023-12-24 03:28:39.686,-38.0828,-74.2171,20.274,4.4,mb,"72 km SW of Lebu, Chile"
us7000ll6j,2023-12-24 03:32:48.403,-38.1075,-73.9764,10.0,5.1,mb,"61 km WSW of Cañete, Chile"
us7000ll6p,2023-12-24 04:10:16.399,-38.0891,-74.0333,10.0,4.3,mb,"62 km SSW of Lebu, Chile"
us7000ll6x,2023-12-24 05:55:52.197,-38.0947,-73.9701,10.0,4.3,mb,"60 km WSW of Cañete, Chile"
us7000ll6y,2023-12-24 06:00:00.968,-38.0729,-74.0037,13.001,4.4,mwr,"60 km SSW of Lebu, Chile"
us7000ll9b,2023-12-24 14:31:00.154,-38.112,-74.0015,13.581,4.1,mwr,"63 km WSW of Cañete, Chile"
us7000llfx,2023-12-26 04:28:42.184,-26.3057,-70.9694,35.0,4.0,mb,"92 km W of Diego de Almagro, Chile"
us6000m03v,2023-12-28 00:14:44.871,-24.2036,-67.0556,210.942,4.4,mb,"74 km W of San Antonio de los Cobres, Argentina"
us6000m05e,2023-12-28 09:22:45.056,-21.185,-68.479,135.158,4.3,mb,"23 km W of Ollagüe, Chile"
us6000m0bu,2023-12-29 02:40:18.551,-20.4696,-69.8989,86.524,4.0,mb,"26 km SSW of Pozo Almonte, Chile"
us6000m0dn,2023-12-29 08:36:24.534,-22.3696,-67.6488,173.267,4.2,mb,"82 km NE of San Pedro de Atacama, Chile"
us6000m0ef,2023-12-29 12:05:11.194,-52.5241,-75.8496,10.0,4.3,mb,"245 km WSW of Puerto Natales, Chile"
us6000m0i9,2023-12-30 02:38:05.153,-24.2522,-67.3349,198.296,4.3,mb,"103 km W of San Antonio de los Cobres, Argentina"
us6000m0it,2023-12-30 03:54:54.240,-24.1743,-67.2379,196.246,4.2,mb,"93 km W of San Antonio de los Cobres, Argentina"
us6000m0ka,2023-12-30 07:46:10.681,-20.1824,-69.2564,100.609,4.3,mb,"45 km ENE of La Tirana, Chile"
us6000m0kx,2023-12-30 09:05:09.903,-31.5291,-66.286,132.833,4.3,mb,"73 km NW of Candelaria, Argentina"
us6000m2wm,2023-12-31 01:39:16.176,-17.6122,-69.8088,156.289,4.3,mb,"23 km ESE of Estique, Peru"
us6000m0v3,2023-12-31 19:07:02.949,-24.5182,-70.4195,38.072,4.0,mb,"95 km S of Antofagasta, Chile"
